-- 1. Creación de la Base de Datos
CREATE DATABASE DB_CLINICA_SAN_PABLO;
GO
USE DB_CLINICA_SAN_PABLO;
GO

-- 2. Creación de Esquemas (Separación de Responsabilidades)
CREATE SCHEMA Personal;
GO
CREATE SCHEMA Inventario; 
GO
CREATE SCHEMA Sourcing; 
GO

--- =============================================
--- I. ESQUEMA PERSONAL
--- =============================================

CREATE TABLE Personal.Especialidades (
    ID_Especialidad CHAR(4) PRIMARY KEY,
    Nombre_Especialidad VARCHAR(50),
    Piso_Ubicacion VARCHAR(50)
);

CREATE TABLE Personal.Doctores (
    ID_Doctor CHAR(6) PRIMARY KEY,
    Nombre_Doctor VARCHAR(100),
    CMP_Numero CHAR(6),
    ID_Especialidad CHAR(4) FOREIGN KEY REFERENCES Personal.Especialidades(ID_Especialidad)
);

CREATE TABLE Personal.Prioridad_Servicio (
    ID_Prioridad CHAR(5) PRIMARY KEY,
    Descripcion_Prioridad VARCHAR(50)
);

--- =============================================
--- II. ESQUEMA INVENTARIO
--- =============================================

CREATE TABLE Inventario.Categorias (
    ID_Categoria INT PRIMARY KEY,
    Nombre_Categoria VARCHAR(50)
);

CREATE TABLE Inventario.Unidad_Medida (
    ID_UM VARCHAR(5) PRIMARY KEY,
    Nombre_UM VARCHAR(50)
);

CREATE TABLE Inventario.Insumos_Medicos (
    ID_Material CHAR(8) PRIMARY KEY,
    Nombre_Material VARCHAR(150),
    ID_Categoria INT FOREIGN KEY REFERENCES Inventario.Categorias(ID_Categoria),
    Stock_Minimo INT
);

--- =============================================
--- III. ESQUEMA SOURCING
--- =============================================

CREATE TABLE Sourcing.Proveedores (
    ID_Proveedor CHAR(6) PRIMARY KEY,
    Nombre_Proveedor VARCHAR(100),
    RUC CHAR(11)
);

CREATE TABLE Sourcing.Metodo_Pago (
    ID_Pago CHAR(6) PRIMARY KEY,
    Descripcion_Pago VARCHAR(50)
);

-- Tabla de Hechos: Cabecera
CREATE TABLE Sourcing.Orden_Compra_H (
    Nro_OC CHAR(10) PRIMARY KEY,
    Fecha_Creacion DATE,
    ID_Proveedor CHAR(6) FOREIGN KEY REFERENCES Sourcing.Proveedores(ID_Proveedor),
    ID_Doctor CHAR(6) FOREIGN KEY REFERENCES Personal.Doctores(ID_Doctor),
    ID_Pago CHAR(6) FOREIGN KEY REFERENCES Sourcing.Metodo_Pago(ID_Pago),
    Estado VARCHAR(20)
);

-- Tabla de Hechos: Detalle
CREATE TABLE Sourcing.Orden_Compra_D (
    ID_Detalle INT IDENTITY(1,1) PRIMARY KEY,
    Nro_OC CHAR(10) FOREIGN KEY REFERENCES Sourcing.Orden_Compra_H(Nro_OC),
    ID_Material CHAR(8) FOREIGN KEY REFERENCES Inventario.Insumos_Medicos(ID_Material),
    ID_Prioridad CHAR(5) FOREIGN KEY REFERENCES Personal.Prioridad_Servicio(ID_Prioridad),
    ID_UM VARCHAR(5) FOREIGN KEY REFERENCES Inventario.Unidad_Medida(ID_UM),
    Cantidad INT,
    Precio_Unitario DECIMAL(12,2),
    Fecha_Vencimiento DATE,
    Total_USD AS (Cantidad * Precio_Unitario) -- Columna calculada automática
);
GO


-- 3. Insertamos valores en cada tabla de cada esquema

--3.1. EMPEZAMOS POR EL ESQUEMA PERSONAL

/* 
DICCIONARIO DE DATOS: ID_ESPECIALIDAD

ANST: Anestesiología
CARD: Cardiología
CIRU: Cirugía General
CRIT: Medicina Intensiva (UCI)
DERM: Dermatología
EMER: Medicina de Emergencias
ENDO: Endocrinología
GAST: Gastroenterología
GERI: Geriatría
GINE: Ginecología y Obstetricia
HEMA: Hematología
INFC: Infectología
MDFA: Medicina Familiar
MEDI: Medicina Interna
NEFR: Nefrología
NEUM: Neumología
NEUR: Neurología
NUTR: Nutrición y Dietética
ODON: Odontología
OFTL: Oftalmología
ONCO: Oncología
OTOR: Otorrinolaringología
PATH: Patología
PEDI: Pediatría
PSIQ: Psiquiatría
RADI: Radiología e Imágenes
REHA: Medicina de Rehabilitación
REUM: Reumatología
TRAU: Traumatología y Ortopedia
UROL: Urología
*/


-- Insertamos en TABLA Personal.Especialidades
INSERT INTO Personal.Especialidades (ID_Especialidad, Nombre_Especialidad, Piso_Ubicacion) VALUES
('CARD', 'Cardiología', 'Piso 2 - Ala Norte'),
('PEDI', 'Pediatría', 'Piso 3 - Ala Sur'),
('GINE', 'Ginecología y Obstetricia', 'Piso 4 - Ala Este'),
('NEUM', 'Neumología', 'Piso 2 - Ala Sur'),
('GAST', 'Gastroenterología', 'Piso 3 - Ala Norte'),
('DERM', 'Dermatología', 'Piso 1 - Consultorios'),
('TRAU', 'Traumatología y Ortopedia', 'Piso 1 - Emergencias'),
('NEUR', 'Neurología', 'Piso 5 - Alta Complejidad'),
('OFTL', 'Oftalmología', 'Piso 1 - Consultorios'),
('OTOR', 'Otorrinolaringología', 'Piso 1 - Consultorios'),
('UROL', 'Urología', 'Piso 3 - Ala Este'),
('REUM', 'Reumatología', 'Piso 2 - Ala Este'),
('ENDO', 'Endocrinología', 'Piso 2 - Ala Norte'),
('NEFR', 'Nefrología', 'Piso 4 - Unidad Diálisis'),
('HEMA', 'Hematología', 'Piso 4 - Laboratorio'),
('INFC', 'Infectología', 'Piso 5 - Aislamiento'),
('PSIQ', 'Psiquiatría', 'Piso 6 - Salud Mental'),
('ONCO', 'Oncología', 'Piso 5 - Quimioterapia'),
('MEDI', 'Medicina Interna', 'Piso 2 - Ala Sur'),
('GERI', 'Geriatría', 'Piso 3 - Ala Sur'),
('ANST', 'Anestesiología', 'Piso 1 - Quirófanos'),
('CIRU', 'Cirugía General', 'Piso 1 - Quirófanos'),
('CRIT', 'Medicina Intensiva (UCI)', 'Piso 5 - UCI'),
('EMER', 'Medicina de Emergencias', 'Piso 1 - Triaje'),
('MDFA', 'Medicina Familiar', 'Piso 1 - Consultorios'),
('RADI', 'Radiología e Imágenes', 'Sótano 1 - Diagnóstico'),
('REHA', 'Medicina de Rehabilitación', 'Sótano 1 - Terapia'),
('PATH', 'Patología', 'Sótano 1 - Laboratorio'),
('NUTR', 'Nutrición y Dietética', 'Piso 3 - Cafetería'),
('ODON', 'Odontología', 'Piso 1 - Consultorios');
GO

-- Insertamos en TABLA Personal.Doctores 
-- BLOQUE 1: DOCTORES 1 AL 70
INSERT INTO Personal.Doctores (ID_Doctor, Nombre_Doctor, CMP_Numero, ID_Especialidad) VALUES
('D00001', 'Dr. Alberto Méndez Ramos', '045812', 'CARD'),
('D00002', 'Dra. Beatriz Luna Victoria', '059231', 'CARD'),
('D00003', 'Dr. Carlos Espinoza Grau', '034112', 'CARD'),
('D00004', 'Dra. Diana Torres Polo', '067822', 'CARD'),
('D00005', 'Dr. Enrique Zegarra Paz', '041223', 'CARD'),
('D00006', 'Dra. Fiorella Castro Ruiz', '058911', 'CARD'),
('D00007', 'Dr. Gustavo Adolfo Becerra', '033445', 'PEDI'),
('D00008', 'Dra. Helga Schmidt Wagner', '077812', 'PEDI'),
('D00009', 'Dr. Ismael Rivera Saenz', '055612', 'PEDI'),
('D00010', 'Dra. Julia Wong Morales', '066712', 'PEDI'),
('D00011', 'Dr. Kevin Sullivan Flores', '088912', 'PEDI'),
('D00012', 'Dra. Lorena Bazán Meza', '044512', 'PEDI'),
('D00013', 'Dr. Mario Vargas Llosa', '012233', 'GINE'),
('D00014', 'Dra. Natalia Oreiro Paz', '099812', 'GINE'),
('D00015', 'Dr. Octavio Paz Soldán', '033221', 'GINE'),
('D00016', 'Dra. Patricia Quirós Vera', '044556', 'GINE'),
('D00017', 'Dr. Ramiro Prialé Jaime', '066778', 'GINE'),
('D00018', 'Dra. Silvia Gamarra Soto', '055443', 'NEUM'),
('D00019', 'Dr. Teodoro Roosevelt Ayllón', '088776', 'NEUM'),
('D00020', 'Dra. Úrsula Corberó Rey', '099112', 'NEUM'),
('D00021', 'Dr. Vicente Fox Quesada', '044112', 'NEUM'),
('D00022', 'Dr. Walter Mercado Guizado', '033112', 'GAST'),
('D00023', 'Dra. Ximena Hoyos Rivas', '022112', 'GAST'),
('D00024', 'Dr. Yaco Eskenazi Vértiz', '077112', 'GAST'),
('D00025', 'Dra. Zoila Libertad Ugarte', '011998', 'GAST'),
('D00026', 'Dr. Alejandro Magno Salas', '044887', 'TRAU'),
('D00027', 'Dr. Bruno Pinasco Portal', '055998', 'TRAU'),
('D00028', 'Dra. Cecilia Barraza Rey', '066332', 'TRAU'),
('D00029', 'Dr. Daniel Peredo Menchola', '077441', 'TRAU'),
('D00030', 'Dra. Elena Romero Perales', '088552', 'TRAU'),
('D00031', 'Dr. Fausto García Miró', '099663', 'NEUR'),
('D00032', 'Dra. Gisela Valcárcel Soto', '011774', 'NEUR'),
('D00033', 'Dr. Hugo Sotil Yerén', '022885', 'NEUR'),
('D00034', 'Dra. Ingrid Bergman Paz', '033996', 'NEUR'),
('D00035', 'Dr. Javier Pérez de Cuéllar', '044117', 'ONCO'),
('D00036', 'Dra. Katia Condos Vera', '055228', 'ONCO'),
('D00037', 'Dr. Leonardo Fabio Ruiz', '066339', 'ONCO'),
('D00038', 'Dra. Magaly Medina Vela', '077440', 'ONCO'),
('D00039', 'Dr. Nelson Mandela Quispe', '088551', 'ONCO'),
('D00040', 'Dra. Olga Tańón Meza', '099662', 'CRIT'),
('D00041', 'Dr. Pedro Suárez Vértiz', '011773', 'CRIT'),
('D00042', 'Dra. Qorianka Kilcher Paz', '022884', 'CRIT'),
('D00043', 'Dr. Ricardo Palma Soriano', '033995', 'EMER'),
('D00044', 'Dra. Susana Baca de la Colina', '044116', 'EMER'),
('D00045', 'Dr. Tulio Loza Urbina', '055227', 'EMER'),
('D00046', 'Dra. Wendy Ramos Rey', '066338', 'EMER'),
('D00047', 'Dr. Xavier López Chabelo', '077449', 'EMER'),
('D00048', 'Dr. Américo Villarreal', '045123', 'OFTL'),
('D00049', 'Dra. Bertha Rojas', '032145', 'OFTL'),
('D00050', 'Dr. Claudio Pizarro', '014253', 'OFTL'),
('D00051', 'Dra. Denisse Dibós', '065478', 'OTOR'),
('D00052', 'Dr. Emilio Estevez', '098521', 'OTOR'),
('D00053', 'Dra. Fernanda Kanno', '041258', 'OTOR'),
('D00054', 'Dr. Guillermo Dávila', '036985', 'UROL'),
('D00055', 'Dra. Hilda Abrahamz', '021456', 'UROL'),
('D00056', 'Dr. Ismael La Rosa', '078945', 'UROL'),
('D00057', 'Dra. Janet Barboza', '032147', 'REUM'),
('D00058', 'Dr. Kukín Flores', '012458', 'REUM'),
('D00059', 'Dra. Laura Bozzo', '065412', 'REUM'),
('D00060', 'Dr. Máximo San Román', '032541', 'ENDO'),
('D00061', 'Dra. Nancy Obregón', '098741', 'ENDO'),
('D00062', 'Dr. Óscar Ugarte', '012547', 'ENDO'),
('D00063', 'Dra. Pilar Mazzetti', '065421', 'NEFR'),
('D00064', 'Dr. Quintana Martínez', '032159', 'NEFR'),
('D00065', 'Dra. Rosa María Palacios', '045128', 'NEFR'),
('D00066', 'Dr. Salvador del Solar', '036521', 'HEMA'),
('D00067', 'Dra. Tatiana Astengo', '014258', 'HEMA'),
('D00068', 'Dr. Uberto Boccioni', '098745', 'HEMA'),
('D00069', 'Dra. Vanessa Saba', '032154', 'INFC'),
('D00070', 'Dr. Wilfredo Tarazona', '014257', 'INFC');

-- BLOQUE 2: DOCTORES 71 AL 140
INSERT INTO Personal.Doctores (ID_Doctor, Nombre_Doctor, CMP_Numero, ID_Especialidad) VALUES
('D00071', 'Dr. Agustín Lozano', '045871', 'INFC'),
('D00072', 'Dra. Blanca Varela', '032158', 'PSIQ'),
('D00073', 'Dr. César Vallejo', '014259', 'PSIQ'),
('D00074', 'Dra. Doris Moromisato', '065471', 'PSIQ'),
('D00075', 'Dr. Eduardo Adrianzén', '098522', 'MEDI'),
('D00076', 'Dra. Fabiola de la Cuba', '041259', 'MEDI'),
('D00077', 'Dr. Germán Leguía', '036986', 'MEDI'),
('D00078', 'Dra. Haydée Cáceres', '021457', 'GERI'),
('D00079', 'Dr. Italo Valcárcel', '078946', 'GERI'),
('D00080', 'Dra. Johanna San Miguel', '032148', 'GERI'),
('D00081', 'Dr. Kenji Fujimori', '012459', 'ANST'),
('D00082', 'Dra. Luz Salgado', '065413', 'ANST'),
('D00083', 'Dr. Mauricio Mulder', '032542', 'ANST'),
('D00084', 'Dra. Norma Yarrow', '098742', 'CIRU'),
('D00085', 'Dr. Omar Chehade', '012548', 'CIRU'),
('D00086', 'Dra. Patricia Donayre', '065422', 'CIRU'),
('D00087', 'Dr. Quijano de la Riva', '032160', 'MDFA'),
('D00088', 'Dra. Roxana Canedo', '045129', 'MDFA'),
('D00089', 'Dr. Sergio Markarián', '036522', 'MDFA'),
('D00090', 'Dra. Tula Rodríguez', '014260', 'RADI'),
('D00091', 'Dr. Ulises Humala', '098746', 'RADI'),
('D00092', 'Dra. Verónika Mendoza', '032155', 'RADI'),
('D00093', 'Dr. Waldo Wolff', '014261', 'REHA'),
('D00094', 'Dra. Ximena Lindo', '045872', 'REHA'),
('D00095', 'Dr. Yonhy Lescano', '032161', 'REHA'),
('D00096', 'Dra. Zenaida Uribe', '014262', 'PATH'),
('D00097', 'Dr. Armando Masa', '065472', 'PATH'),
('D00098', 'Dra. Bettina Oneto', '098523', 'PATH'),
('D00099', 'Dr. Carlos Alcántara', '041260', 'NUTR'),
('D00100', 'Dra. Daniela Darcourt', '036987', 'NUTR'),
('D00101', 'Dr. Ezio Oliva', '021458', 'NUTR'),
('D00102', 'Dra. Flavia Laos', '078947', 'ODON'),
('D00103', 'Dr. George Forsyth', '032149', 'ODON'),
('D00104', 'Dra. Hania Pérez de Cuéllar', '012460', 'ODON'),
('D00105', 'Dr. Iván Cruz', '065414', 'CARD'),
('D00106', 'Dra. Josetty Hurtado', '032543', 'CARD'),
('D00107', 'Dr. Kudai Vidal', '098743', 'PEDI'),
('D00108', 'Dra. Leslie Shaw', '012549', 'PEDI'),
('D00109', 'Dr. Micky Rospigliosi', '065423', 'GINE'),
('D00110', 'Dra. Nicole Pillman', '032161', 'GINE'),
('D00111', 'Dr. Oswaldo de la Riva', '045130', 'NEUM'),
('D00112', 'Dra. Pamela Vértiz', '036523', 'NEUM'),
('D00113', 'Dr. Queirolo Montes', '014261', 'GAST'),
('D00114', 'Dra. Rebeca Escribens', '098747', 'GAST'),
('D00115', 'Dr. Segundo Cernadas', '032156', 'TRAU'),
('D00116', 'Dra. Thais Casalino', '014263', 'TRAU'),
('D00117', 'Dr. Urbano Lugrís', '045873', 'NEUR'),
('D00118', 'Dra. Viviana Rivasplata', '032162', 'NEUR'),
('D00119', 'Dr. Walter Vílchez', '014264', 'ONCO'),
('D00120', 'Dra. Xiomara Alfaro', '065473', 'ONCO'),
('D00121', 'Dr. Yiddá Eslava', '098524', 'CRIT'),
('D00122', 'Dra. Zelma Gálvez', '041261', 'CRIT'),
('D00123', 'Dr. Alan García', '036988', 'EMER'),
('D00124', 'Dra. Beatriz Bozzo', '021459', 'EMER'),
('D00125', 'Dr. Christian Meier', '078948', 'OFTL'),
('D00126', 'Dra. Dina Boluarte', '032150', 'OFTL'),
('D00127', 'Dr. Eduardo Nayap', '012461', 'OTOR'),
('D00128', 'Dra. Frieda Holler', '065415', 'OTOR'),
('D00129', 'Dr. Gonzalo Núńez', '032544', 'UROL'),
('D00130', 'Dra. Hermelinda Quiroga', '098744', 'UROL'),
('D00131', 'Dr. Ismael Contreras', '012550', 'REUM'),
('D00132', 'Dra. Julissa Mantilla', '065424', 'REUM'),
('D00133', 'Dr. Koki Belaunde', '032162', 'ENDO'),
('D00134', 'Dra. Liliana Trujillo', '045131', 'ENDO'),
('D00135', 'Dr. Miguel Barraza', '036524', 'NEFR'),
('D00136', 'Dra. Nana Malasquez', '014262', 'NEFR'),
('D00137', 'Dr. Octavio Rivero', '098748', 'HEMA'),
('D00138', 'Dra. Pierina Carcelén', '032157', 'HEMA'),
('D00139', 'Dr. Quintín Cervantes', '014264', 'INFC'),
('D00140', 'Dra. Rossy War', '045874', 'INFC');

-- BLOQUE 3: DOCTORES 141 AL 200
INSERT INTO Personal.Doctores (ID_Doctor, Nombre_Doctor, CMP_Numero, ID_Especialidad) VALUES
('D00141', 'Dr. Santiago Magill', '032163', 'PSIQ'),
('D00142', 'Dra. Tracy Friend', '014265', 'PSIQ'),
('D00143', 'Dr. Ulises Costilla', '065474', 'MEDI'),
('D00144', 'Dra. Violeta Correa', '098525', 'MEDI'),
('D00145', 'Dr. William Luna', '041262', 'GERI'),
('D00146', 'Dra. Xenia Rivas', '036989', 'GERI'),
('D00147', 'Dr. Yerson Chacón', '021460', 'ANST'),
('D00148', 'Dra. Zully Arriola', '078949', 'ANST'),
('D00149', 'Dr. Arturo Cavero', '032151', 'CIRU'),
('D00150', 'Dra. Brenda Carvalho', '012462', 'CIRU'),
('D00151', 'Dr. Carlos Galdós', '065416', 'MDFA'),
('D00152', 'Dra. Doris Fundichely', '032545', 'MDFA'),
('D00153', 'Dr. Efraín Aguilar', '098745', 'RADI'),
('D00154', 'Dra. Francesca Brivio', '012551', 'RADI'),
('D00155', 'Dr. Germán Otárola', '065425', 'REHA'),
('D00156', 'Dra. Heldy Beltrán', '032163', 'REHA'),
('D00157', 'Dr. Igor Shulca', '045132', 'PATH'),
('D00158', 'Dra. Janet Vizcarra', '036525', 'PATH'),
('D00159', 'Dr. Karlo Calvo', '014263', 'NUTR'),
('D00160', 'Dra. Leslie Stewart', '098749', 'NUTR'),
('D00161', 'Dr. Maelo Ruiz', '032158', 'ODON'),
('D00162', 'Dra. Noelia Calle', '014265', 'ODON'),
('D00163', 'Dr. Omar Macchi', '045875', 'CARD'),
('D00164', 'Dra. Patty Wong', '032164', 'CARD'),
('D00165', 'Dr. Quique Suero', '014266', 'PEDI'),
('D00166', 'Dra. Ruth Karina', '065475', 'PEDI'),
('D00167', 'Dr. Sandro Ventura', '098526', 'GINE'),
('D00168', 'Dra. Tulia de la Riva', '041263', 'GINE'),
('D00169', 'Dr. Umberto Martínez', '036990', 'NEUM'),
('D00170', 'Dra. Vilma Palma', '021461', 'NEUM'),
('D00171', 'Dr. Wilfredo Lam', '078950', 'GAST'),
('D00172', 'Dra. Xiomi Alfaro', '032152', 'GAST'),
('D00173', 'Dr. Yeremi Gonzáles', '012463', 'TRAU'),
('D00174', 'Dra. Zoila Cavero', '065417', 'TRAU'),
('D00175', 'Dr. Aristóteles Picho', '032546', 'NEUR'),
('D00176', 'Dra. Balbina Arriaga', '098746', 'NEUR'),
('D00177', 'Dr. Claudio Galeno', '012552', 'ONCO'),
('D00178', 'Dra. Delfina Guzmán', '065426', 'ONCO'),
('D00179', 'Dr. Eusebio Grados', '032164', 'CRIT'),
('D00180', 'Dra. Flor Polo', '045133', 'CRIT'),
('D00181', 'Dr. Guido Lombardi', '036526', 'EMER'),
('D00182', 'Dra. Hilda Murillo', '014264', 'EMER'),
('D00183', 'Dr. Ismael Chino', '098750', 'OFTL'),
('D00184', 'Dra. Josefa Marmanillo', '032159', 'OFTL'),
('D00185', 'Dr. Kenyi Morillo', '014266', 'OTOR'),
('D00186', 'Dra. Lucía de la Cruz', '045876', 'OTOR'),
('D00187', 'Dr. Manuel Gold', '032165', 'UROL'),
('D00188', 'Dra. Natalia Salas', '014267', 'UROL'),
('D00189', 'Dr. Octavio Lepage', '065476', 'REUM'),
('D00190', 'Dra. Patricia Portocarrero', '098527', 'REUM'),
('D00191', 'Dr. Quevedo Santini', '041264', 'ENDO'),
('D00192', 'Dra. Rossana Fernández', '036991', 'ENDO'),
('D00193', 'Dr. Salomón Libman', '021462', 'NEFR'),
('D00194', 'Dra. Tońita de la Colina', '078951', 'NEFR'),
('D00195', 'Dr. Urbano Meléndez', '032153', 'HEMA'),
('D00196', 'Dra. Vanessa Terkes', '012464', 'HEMA'),
('D00197', 'Dr. Walter Oyarce', '065418', 'INFC'),
('D00198', 'Dra. Ximena Akemi', '032547', 'INFC'),
('D00199', 'Dr. Yuri Canseco', '098747', 'PSIQ'),
('D00200', 'Dra. Zunny Calero', '012553', 'PSIQ');
GO

-- Insertamos en TABLA Personal.Prioridad_Servicio
INSERT INTO Personal.Prioridad_Servicio (ID_Prioridad, Descripcion_Prioridad) VALUES
('URGEN', 'Urgencia Médica (Entrega Inmediata)'),
('HOSPI', 'Hospitalización (Reposición Diaria)'),
('QUIRU', 'Intervención Quirúrgica (Programado)'),
('CONSU', 'Consulta Externa (Uso Regular)'),
('STOCK', 'Reserva de Almacén (Abastecimiento)');
GO


-- 3.2. CONTINUAMOS CON EL ESQUEMA INVENTARIO

-- Insertamos en TABLA Inventario.Categorias 
INSERT INTO Inventario.Categorias (ID_Categoria, Nombre_Categoria) VALUES
(1, 'Antibióticos y Antivirales'),
(2, 'Analgésicos y Antiinflamatorios'),
(3, 'Anestésicos y Sedantes'),
(4, 'Material Médico Quirúrgico'),
(5, 'Equipos de Protección Personal (EPP)'),
(6, 'Insumos de Cardiología'),
(7, 'Insumos de Pediatría'),
(8, 'Material de Curación y Vendajes'),
(9, 'Soluciones y Sueros (Sueroterapia)'),
(10, 'Reactivos de Laboratorio'),
(11, 'Insumos de Radiología e Imágenes'),
(12, 'Odontología - Materiales Especializados'),
(13, 'Ginecología y Obstetricia'),
(14, 'Desinfectantes y Antisépticos'),
(15, 'Mobiliario Médico Menor'),
(16, 'Insumos de Hemodiálisis'),
(17, 'Gases Medicinales (Oxígeno/Nitrógeno)'),
(18, 'Útiles de Oficina y Papelería Médica'),
(19, 'Artículos de Limpieza Hospitalaria'),
(20, 'Nutrición y Dietética Hospitalaria');
GO


-- Insertamos en TABLA Unidad_Medida 
INSERT INTO Inventario.Unidad_Medida (ID_UM, Nombre_UM) VALUES
('UNID', 'Unidad (Pieza individual)'),
('CAJA', 'Caja (Presentación comercial)'),
('VIAL', 'Vial (Frasco ampolla pequeńo)'),
('AMP', 'Ampolla (Envase de vidrio/plástico)'),
('BLIS', 'Blíster (Tira de pastillas)'),
('FRAS', 'Frasco (Líquidos o jarabes)'),
('TUBO', 'Tubo (Cremas o ungüentos)'),
('PAQU', 'Paquete (Set de materiales)'),
('ROLL', 'Rollo (Gasa, esparadrapo o vendas)'),
('BOLI', 'Bolsa (Sueros o soluciones)');
GO


-- Insertamos en TABLA Inventario.Insumos_Medicos 
INSERT INTO Inventario.Insumos_Medicos (ID_Material, Nombre_Material, ID_Categoria, Stock_Minimo) VALUES
('MAT00001', 'Amoxicilina 500mg Tabletas', 1, 100),
('MAT00002', 'Ceftriaxona 1g Inyectable', 1, 50),
('MAT00003', 'Azitromicina 500mg', 1, 80),
('MAT00004', 'Ciprofloxacino 500mg', 1, 120),
('MAT00005', 'Clindamicina 300mg', 1, 60),
('MAT00006', 'Meropenem 1g Vial', 1, 30),
('MAT00007', 'Vancomicina 500mg', 1, 25),
('MAT00008', 'Penicilina G Benzatínica 1.2M', 1, 40),
('MAT00009', 'Levofloxacino 750mg Solución', 1, 35),
('MAT00010', 'Piperacilina + Tazobactam', 1, 20),
('MAT00011', 'Aciclovir 400mg Tabletas', 1, 50),
('MAT00012', 'Oseltamivir 75mg Capsulas', 1, 15),
('MAT00013', 'Metronidazol 500mg Inyectable', 1, 100),
('MAT00014', 'Gentamicina 80mg Ampolla', 1, 90),
('MAT00015', 'Clarithromicina 500mg', 1, 45),
('MAT00016', 'Paracetamol 500mg Tabletas', 2, 500),
('MAT00017', 'Ibuprofeno 400mg', 2, 400),
('MAT00018', 'Diclofenaco Sódico 75mg Ampolla', 2, 200),
('MAT00019', 'Ketorolaco 30mg Inyectable', 2, 150),
('MAT00020', 'Tramadol 50mg/ml Ampolla', 2, 100),
('MAT00021', 'Morfina 10mg/ml Inyectable', 2, 20),
('MAT00022', 'Fentanilo 0.05mg/ml', 2, 30),
('MAT00023', 'Naproxeno 550mg', 2, 180),
('MAT00024', 'Celecoxib 200mg', 2, 70),
('MAT00025', 'Metamizol Sódico 1g Ampolla', 2, 250),
('MAT00026', 'Eterocoxib 90mg', 2, 50),
('MAT00027', 'Buprenorfina Parche', 2, 15),
('MAT00028', 'Ketoprofeno 100mg Inyectable', 2, 120),
('MAT00029', 'Hioscina N-Butilbromuro Ampolla', 2, 140),
('MAT00030', 'Meloxicam 15mg Tabletas', 2, 90),
('MAT00031', 'Lidocaína 2% con Epinefrina', 3, 100),
('MAT00032', 'Propofol 1% Emulsión Inyectable', 3, 60),
('MAT00033', 'Midazolam 5mg/5ml Ampolla', 3, 80),
('MAT00034', 'Bupivacaína 0.5% Pesada', 3, 40),
('MAT00035', 'Sevoflurano Líquido Inhalatorio', 3, 10),
('MAT00036', 'Rocuronio Bromuro 50mg', 3, 25),
('MAT00037', 'Succinilcolina 100mg', 3, 20),
('MAT00038', 'Diazepam 10mg Ampolla', 3, 100),
('MAT00039', 'Etomidato 20mg/10ml', 3, 15),
('MAT00040', 'Ketamina 500mg/10ml', 3, 25);
GO

-- Variaciones de dosis y presentaciones
INSERT INTO Inventario.Insumos_Medicos (ID_Material, Nombre_Material, ID_Categoria, Stock_Minimo) VALUES
('MAT00041', 'Amoxicilina + Ácido Clavulánico 875/125', 1, 80),
('MAT00042', 'Cefalexina 500mg', 1, 100),
('MAT00043', 'Doxiciclina 100mg', 1, 60),
('MAT00044', 'Nitrofurantoína 100mg', 1, 50),
('MAT00045', 'Sulfametoxazol + Trimetoprima', 1, 100),
('MAT00046', 'Oxacilina 1g Inyectable', 1, 40),
('MAT00047', 'Imipenem + Cilastatina 500mg', 1, 30),
('MAT00048', 'Eritromicina 500mg', 1, 40),
('MAT00049', 'Linezolid 600mg Tabletas', 1, 20),
('MAT00050', 'Amikacina 500mg Ampolla', 1, 70),
('MAT00051', 'Paracetamol Jarabe 120mg/5ml', 2, 150),
('MAT00052', 'Ibuprofeno Jarabe 100mg/5ml', 2, 130),
('MAT00053', 'Piroxicam 20mg', 2, 60),
('MAT00054', 'Codeína 30mg Tabletas', 2, 40),
('MAT00055', 'Dexametasona 4mg Ampolla', 2, 300),
('MAT00056', 'Betametasona 4mg Inyectable', 2, 150),
('MAT00057', 'Prednisona 20mg Tabletas', 2, 200),
('MAT00058', 'Hidrocortisona 100mg Vial', 2, 180),
('MAT00059', 'Metilprednisolona 500mg', 2, 25),
('MAT00060', 'Lornoxicam 8mg', 2, 45),
('MAT00061', 'Remifentanilo 2mg Vial', 3, 20),
('MAT00062', 'Isoflurano Líquido Inhalatorio', 3, 12),
('MAT00063', 'Vecuronio Bromuro 4mg', 3, 30),
('MAT00064', 'Atropina Sulfato 0.5mg Ampolla', 3, 200),
('MAT00065', 'Epinefrina 1mg/ml Ampolla', 3, 150),
('MAT00066', 'Norepinefrina 4mg/4ml', 3, 100),
('MAT00067', 'Dopamina 200mg/5ml', 3, 80),
('MAT00068', 'Dobutamina 250mg/20ml', 3, 60),
('MAT00069', 'Amiodarona 150mg Ampolla', 3, 50),
('MAT00070', 'Verapamilo 5mg Ampolla', 3, 40),
('MAT00071', 'Cefotaxima 1g Vial', 1, 60),
('MAT00072', 'Cefadroxilo 500mg', 1, 80),
('MAT00073', 'Fluconazol 150mg Capsula', 1, 100),
('MAT00074', 'Nistatina Suspensión Oral', 1, 50),
('MAT00075', 'Terbinafina 250mg', 1, 40),
('MAT00076', 'Albendazol 400mg', 1, 70),
('MAT00077', 'Cloranfenicol Oftálmico', 1, 90),
('MAT00078', 'Tobramicina Ungüento', 1, 60),
('MAT00079', 'Mupirocina Crema 2%', 1, 80),
('MAT00080', 'Nitroprusiato de Sodio 50mg', 3, 15),
('MAT00081', 'Nitroglicerina 50mg/10ml', 3, 25),
('MAT00082', 'Lidocaína Jalea 2%', 3, 120),
('MAT00083', 'Lidocaína Spray 10%', 3, 40),
('MAT00084', 'Bupivacaína 0.5% Simple', 3, 50),
('MAT00085', 'Lorazepam 2mg Tabletas', 3, 100),
('MAT00086', 'Alprazolam 0.5mg', 3, 150),
('MAT00087', 'Clonazepam 2mg', 3, 120),
('MAT00088', 'Haloperidol 5mg Ampolla', 3, 60),
('MAT00089', 'Fenitoína Sódica 100mg/2ml', 3, 80),
('MAT00090', 'Valproato Sódico 500mg/5ml', 3, 40),
('MAT00091', 'Indometacina 100mg Supositorio', 2, 30),
('MAT00092', 'Sulindaco 200mg', 2, 40),
('MAT00093', 'Leflunomida 20mg', 2, 20),
('MAT00094', 'Metotrexato 2.5mg', 2, 50),
('MAT00095', 'Azatioprina 50mg', 2, 30),
('MAT00096', 'Ciclosporina 100mg', 2, 15),
('MAT00097', 'Warfarina Sódica 5mg', 2, 100),
('MAT00098', 'Enoxaparina 40mg/0.4ml', 2, 120),
('MAT00099', 'Heparina Sódica 5000 UI/ml', 2, 80),
('MAT00100', 'Clopidogrel 75mg Tabletas', 2, 150);
GO

INSERT INTO Inventario.Insumos_Medicos (ID_Material, Nombre_Material, ID_Categoria, Stock_Minimo) VALUES
('MAT00101', 'Bisturí Descartable Nro 10', 4, 100),
('MAT00102', 'Bisturí Descartable Nro 11', 4, 100),
('MAT00103', 'Bisturí Descartable Nro 15', 4, 100),
('MAT00104', 'Hoja de Bisturí Nro 20', 4, 200),
('MAT00105', 'Hoja de Bisturí Nro 22', 4, 200),
('MAT00106', 'Sutura Seda Negra Trenzada 2-0', 4, 150),
('MAT00107', 'Sutura Seda Negra Trenzada 3-0', 4, 150),
('MAT00108', 'Sutura Nylon Monofilamento 4-0', 4, 150),
('MAT00109', 'Sutura Nylon Monofilamento 5-0', 4, 150),
('MAT00110', 'Sutura Ácido Poliglicólico (Vicryl) 1-0', 4, 120),
('MAT00111', 'Sutura Ácido Poliglicólico (Vicryl) 2-0', 4, 120),
('MAT00112', 'Catéter Intravenoso 18G (Verde)', 4, 500),
('MAT00113', 'Catéter Intravenoso 20G (Rosa)', 4, 500),
('MAT00114', 'Catéter Intravenoso 22G (Azul)', 4, 500),
('MAT00115', 'Catéter Intravenoso 24G (Amarillo)', 4, 300),
('MAT00116', 'Equipo de Venoclisis con Microgotero', 4, 400),
('MAT00117', 'Equipo de Venoclisis con Macrogotero', 4, 600),
('MAT00118', 'Llave de Tres Vías', 4, 800),
('MAT00119', 'Extensión de Perfusion de 100cm', 4, 200),
('MAT00120', 'Sonda Foley 2 vías Nro 14', 4, 80),
('MAT00121', 'Sonda Foley 2 vías Nro 16', 4, 80),
('MAT00122', 'Sonda Nasogástrica Nro 14', 4, 60),
('MAT00123', 'Sonda Nasogástrica Nro 16', 4, 60),
('MAT00124', 'Drenaje Penrose 1/2 pulgada', 4, 40),
('MAT00125', 'Drenaje Jackson Pratt 100cc', 4, 25),
('MAT00126', 'Mascarilla de Oxígeno Adulto', 4, 150),
('MAT00127', 'Cánula Binasal de Oxígeno', 4, 200),
('MAT00128', 'Tubo Endotraqueal Nro 7.0 con Cuff', 4, 50),
('MAT00129', 'Tubo Endotraqueal Nro 7.5 con Cuff', 4, 50),
('MAT00130', 'Tubo Endotraqueal Nro 8.0 con Cuff', 4, 50),
('MAT00131', 'Grapas Quirúrgicas (Cargador x35)', 4, 40),
('MAT00132', 'Sacagrapas Descartable', 4, 20),
('MAT00133', 'Malla de Polipropileno 15x15cm', 4, 30),
('MAT00134', 'Cera para Hueso 2.5g', 4, 15),
('MAT00135', 'Esponja Hemostática de Gelatina', 4, 50),
('MAT00136', 'Mascarilla Quirúrgica 3 Pliegues', 5, 2000),
('MAT00137', 'Respirador N95 (Protección Partículas)', 5, 500),
('MAT00138', 'Guantes de Examen Látex Talla S', 5, 1000),
('MAT00139', 'Guantes de Examen Látex Talla M', 5, 1000),
('MAT00140', 'Guantes de Examen Látex Talla L', 5, 1000),
('MAT00141', 'Guantes Quirúrgicos Estériles 7.0', 5, 300),
('MAT00142', 'Guantes Quirúrgicos Estériles 7.5', 5, 300),
('MAT00143', 'Guantes Quirúrgicos Estériles 8.0', 5, 300),
('MAT00144', 'Guantes de Nitrilo (Sin Polvo) M', 5, 800),
('MAT00145', 'Mandilón Descartable Estéril', 5, 400),
('MAT00146', 'Mandilón Descartable No Estéril', 5, 600),
('MAT00147', 'Gorra de Cirujano Descartable', 5, 1000),
('MAT00148', 'Cubrecalzado (Botas) Descartable', 5, 1000),
('MAT00149', 'Lentes de Protección Policarbonato', 5, 50),
('MAT00150', 'Protector Facial de Polietileno', 5, 100),
('MAT00151', 'Jeringa 1cc con Aguja 25G', 4, 1000),
('MAT00152', 'Jeringa 3cc con Aguja 23G', 4, 2000),
('MAT00153', 'Jeringa 5cc con Aguja 21G', 4, 2000),
('MAT00154', 'Jeringa 10cc con Aguja 21G', 4, 1500),
('MAT00155', 'Jeringa 20cc Sin Aguja', 4, 800),
('MAT00156', 'Jeringa 60cc Punta Catéter', 4, 200),
('MAT00157', 'Aguja Hipodérmica 18G x 1.5', 4, 500),
('MAT00158', 'Aguja Hipodérmica 21G x 1.5', 4, 1000),
('MAT00159', 'Aguja Hipodérmica 25G x 5/8', 4, 1000),
('MAT00160', 'Aguja Espinal (Raquídea) 25G', 4, 100),
('MAT00161', 'Aguja Espinal (Raquídea) 27G', 4, 100),
('MAT00162', 'Algón Plisado 500g', 4, 100),
('MAT00163', 'Torunda de Algodón x 500', 4, 200),
('MAT00164', 'Gasa Estéril 10x10cm (Sobre x5)', 4, 1500),
('MAT00165', 'Gasa No Estéril 10x10cm (Paquete x100)', 4, 500),
('MAT00166', 'Apósito Absorbente 10x20cm', 4, 300),
('MAT00167', 'Esparadrapo de Tela 2 pulg', 4, 200),
('MAT00168', 'Esparadrapo Micropore 1 pulg', 4, 400),
('MAT00169', 'Esparadrapo Transpore 2 pulg', 4, 200),
('MAT00170', 'Venda Elástica 3 pulg', 4, 150),
('MAT00171', 'Venda Elástica 4 pulg', 4, 150),
('MAT00172', 'Venda Elástica 6 pulg', 4, 100),
('MAT00173', 'Venda de Gasa 3 pulg x 5yd', 4, 300),
('MAT00174', 'Venda de Gasa 4 pulg x 5yd', 4, 300),
('MAT00175', 'Venda de Yeso 4 pulg', 4, 80),
('MAT00176', 'Venda de Yeso 6 pulg', 4, 80),
('MAT00177', 'Jersey Algodón 3 pulg (Protector)', 4, 50),
('MAT00178', 'Guata de Algodón 4 pulg', 4, 100),
('MAT00179', 'Brazalete de Identificación Adulto', 4, 1000),
('MAT00180', 'Brazalete de Identificación Pediátrico', 4, 500),
('MAT00181', 'Alcohol Medicinal 70% 1L', 5, 200),
('MAT00182', 'Alcohol en Gel con Dispensador 1L', 5, 150),
('MAT00183', 'Jabón Líquido Antibacteriano 1L', 5, 150),
('MAT00184', 'Clorhexidina Gluconato 4% (Scrub)', 5, 100),
('MAT00185', 'Clorhexidina Gluconato 2% (Tópica)', 5, 100),
('MAT00186', 'Yodopovidona Solución 10%', 5, 100),
('MAT00187', 'Yodopovidona Espuma 7.5%', 5, 100),
('MAT00188', 'Agua Oxigenada 10 vol. 120ml', 4, 200),
('MAT00189', 'Bolsa para Residuos Biocontaminados (Roja)', 5, 2000),
('MAT00190', 'Bolsa para Residuos Comunes (Negra)', 5, 2000),
('MAT00191', 'Contenedor para Punzocortantes 3L', 5, 100),
('MAT00192', 'Contenedor para Punzocortantes 7L', 5, 100),
('MAT00193', 'Papel Kraft para Esterilización (Pliego)', 5, 500),
('MAT00194', 'Cinta Testigo para Autoclave', 5, 50),
('MAT00195', 'Bolsa de Papel Grado Médico 10x25cm', 5, 1000),
('MAT00196', 'Paquete Quirúrgico Universal (Ropa)', 4, 100),
('MAT00197', 'Campo Quirúrgico Simple Fenestrado', 4, 200),
('MAT00198', 'Campo Quirúrgico de Piel (Adhesivo)', 4, 150),
('MAT00199', 'Sábana Descartable para Camilla', 5, 500),
('MAT00200', 'Funda para Equipo de Rayos X', 5, 100);
GO

INSERT INTO Inventario.Insumos_Medicos (ID_Material, Nombre_Material, ID_Categoria, Stock_Minimo) VALUES
('MAT00201', 'Electrodos para ECG Adulto (Pack x50)', 6, 100),
('MAT00202', 'Electrodos para ECG Pediátrico', 6, 50),
('MAT00203', 'Papel Termosensible para ECG (Rollo)', 6, 40),
('MAT00204', 'Gel Conductor para Ecografía 250ml', 6, 30),
('MAT00205', 'Stent Coronario Medicado 3.0x18mm', 6, 5),
('MAT00206', 'Stent Coronario No Medicado', 6, 5),
('MAT00207', 'Catéter Guía para Angioplastia 6F', 6, 10),
('MAT00208', 'Guía Hidrofílica 0.035"', 6, 15),
('MAT00209', 'Introductor Arterial 6F', 6, 20),
('MAT00210', 'Dispositivo de Compresión Radial', 6, 15),
('MAT00211', 'Marcapasos Provisional Externo', 6, 2),
('MAT00212', 'Electrodos de Desfibrilación Adulto', 6, 10),
('MAT00213', 'Electrodos de Desfibrilación Pediátrico', 6, 5),
('MAT00214', 'Pańal Descartable Recién Nacido', 7, 500),
('MAT00215', 'Pańal Descartable Talla P', 7, 500),
('MAT00216', 'Sonda de Alimentación K30 (Bebé)', 7, 100),
('MAT00217', 'Sonda de Alimentación K31', 7, 100),
('MAT00218', 'Aspirador de Secreciones Perilla', 7, 50),
('MAT00219', 'Bolsa de Recolección de Orina Pediátrica', 7, 200),
('MAT00220', 'Clamp Umbilical Estéril', 7, 150),
('MAT00221', 'Cánula de Guedel Nro 00 (Rosa)', 7, 30),
('MAT00222', 'Cánula de Guedel Nro 0 (Azul)', 7, 30),
('MAT00223', 'Máscara de Nebulización Pediátrica', 7, 100),
('MAT00224', 'Tubo Endotraqueal Nro 3.0 Sin Cuff', 7, 20),
('MAT00225', 'Tubo Endotraqueal Nro 3.5 Sin Cuff', 7, 20),
('MAT00226', 'Tubo Endotraqueal Nro 4.0 Sin Cuff', 7, 20),
('MAT00227', 'Gasa Vaselinada 10x10cm', 8, 100),
('MAT00228', 'Gasa Furacinada 10x10cm', 8, 80),
('MAT00229', 'Apósito de Hidrocoloide 10x10cm', 8, 40),
('MAT00230', 'Apósito de Alginato de Calcio', 8, 30),
('MAT00231', 'Apósito Transparente Tegaderm 6x7cm', 8, 200),
('MAT00232', 'Apósito Transparente Tegaderm 10x12cm', 8, 150),
('MAT00233', 'Venda de Red Elástica Nro 4', 8, 50),
('MAT00234', 'Venda Cobán Autoadherente 3"', 8, 60),
('MAT00235', 'Cinta de Papel Microporosa 2"', 8, 100),
('MAT00236', 'Esparadrapo de Tela de Seda 1"', 8, 100),
('MAT00237', 'Malla Tubular para Cabeza', 8, 25),
('MAT00238', 'Venda de Tracción Cutánea Adulto', 8, 10),
('MAT00239', 'Catéter Balón para Valvuloplastia', 6, 3),
('MAT00240', 'Líquido de Contraste Yodado 50ml', 6, 50),
('MAT00241', 'Kit de Pericardiocentesis', 6, 5),
('MAT00242', 'Manómetro para Inflado de Balón', 6, 10),
('MAT00243', 'Brazalete de Presión no Invasiva M', 6, 20),
('MAT00244', 'Sensor de SpO2 Adulto Reutilizable', 6, 15),
('MAT00245', 'Sensor de SpO2 Pediátrico Clip', 7, 15),
('MAT00246', 'Leche de Fórmula Prematuros 400g', 7, 48),
('MAT00247', 'Leche de Fórmula Etapa 1', 7, 96),
('MAT00248', 'Tetina Estéril Descartable', 7, 200),
('MAT00249', 'Biberón Hospitalario 120ml', 7, 100),
('MAT00250', 'Chupón de Entretenimiento Ortodóntico', 7, 50),
('MAT00251', 'Pulsera de Identificación Neonatal Azul', 7, 300),
('MAT00252', 'Pulsera de Identificación Neonatal Rosa', 7, 300),
('MAT00253', 'Perilla de Aspiración Nasal Silicona', 7, 40),
('MAT00254', 'Termómetro Digital Punta Flexible', 7, 100),
('MAT00255', 'Cinta Métrica para Perímetro Cefálico', 7, 50),
('MAT00256', 'Bajalenguas de Madera x 500', 7, 100),
('MAT00257', 'Isopos de Algodón Gigantes', 8, 200),
('MAT00258', 'Solución Salina para Lavado Heridas 500ml', 8, 300),
('MAT00259', 'Agua Estéril para Irrigación 1000ml', 8, 200),
('MAT00260', 'Pomada de Óxido de Zinc (Pańalitis)', 7, 80),
('MAT00261', 'Crema Sulfadiazina de Plata 1%', 8, 60),
('MAT00262', 'Gel de Árnica para Hematomas', 8, 40),
('MAT00263', 'Spray Cicatrizante con Plata', 8, 30),
('MAT00264', 'Parche Ocular Pediátrico', 7, 100),
('MAT00265', 'Parche Ocular Adulto', 8, 100),
('MAT00266', 'Cabestrillo de Tela Talla M', 8, 30),
('MAT00267', 'Cabestrillo de Tela Talla L', 8, 30),
('MAT00268', 'Inmovilizador de Rodilla Simple', 8, 15),
('MAT00269', 'Collarín Cervical Blando Adulto', 8, 20),
('MAT00270', 'Collarín Cervical Rígido Filadelfia', 8, 10),
('MAT00271', 'Venda Tensoplast 4"', 8, 40),
('MAT00272', 'Venda Crepé 4"', 8, 100),
('MAT00273', 'Malla Elástica para Tórax', 8, 20),
('MAT00274', 'Compresa Caliente/Fría Reutilizable', 8, 50),
('MAT00275', 'Alcohol Isopropílico Pad (Pack x100)', 8, 500),
('MAT00276', 'Curitas Plásticas Estándar x 100', 8, 200),
('MAT00277', 'Curitas Redondas para Punción', 8, 300),
('MAT00278', 'Removedor de Adhesivo Médico (Spray)', 8, 20),
('MAT00279', 'Bolsa de Hielo Descartable', 8, 100),
('MAT00280', 'Bolsa para Agua Caliente Goma', 8, 20),
('MAT00281', 'Pinza Umbilical Plástica', 7, 200),
('MAT00282', 'Gasa Precortada 5x5cm (Sobre x2)', 8, 1000),
('MAT00283', 'Apósito Post-Operatorio 20x10cm', 8, 150),
('MAT00284', 'Cinta de Identificación para Sangre', 6, 200),
('MAT00285', 'Sensor de Flujo para Ventilador Pediátrico', 7, 10),
('MAT00286', 'Circuito de Ventilación Neonatal', 7, 15),
('MAT00287', 'Humidificador para Oxígeno', 6, 100),
('MAT00288', 'Frasco recolector de esputo', 8, 200),
('MAT00289', 'Contenedor de orina 24 horas', 8, 50),
('MAT00290', 'Lancetas para Glucosa x 100', 8, 300),
('MAT00291', 'Tiras Reactivas Glucosa x 50', 8, 500),
('MAT00292', 'Lanceta de Seguridad Automática', 7, 200),
('MAT00293', 'Aguja de Biopsia de Médula Ósea', 6, 10),
('MAT00294', 'Kit de Toracocentesis', 6, 8),
('MAT00295', 'Drenaje Torácico Nro 28', 6, 20),
('MAT00296', 'Unidad de Drenaje Pleural (Pleur-evac)', 6, 15),
('MAT00297', 'Válvula de Heimlich', 6, 10),
('MAT00298', 'Mascarilla Venturi Adulto', 6, 60),
('MAT00299', 'Nebulizador de Volumen con T', 6, 100),
('MAT00300', 'Filtro Antibacteriano/Viral para Ventilador', 6, 100);
GO

INSERT INTO Inventario.Insumos_Medicos (ID_Material, Nombre_Material, ID_Categoria, Stock_Minimo) VALUES
('MAT00301', 'Cloruro de Sodio 0.9% 100ml (Suero Fisiológico)', 9, 500),
('MAT00302', 'Cloruro de Sodio 0.9% 500ml', 9, 1000),
('MAT00303', 'Cloruro de Sodio 0.9% 1000ml', 9, 800),
('MAT00304', 'Dextrosa 5% en Agua Destilada 500ml', 9, 400),
('MAT00305', 'Dextrosa 10% en Agua Destilada 500ml', 9, 200),
('MAT00306', 'Dextrosa 33.3% (Hiperson) Ampolla 20ml', 9, 300),
('MAT00307', 'Solución Polielectrolítica 500ml', 9, 250),
('MAT00308', 'Solución Lactato Ringer (Hartmann) 1000ml', 9, 300),
('MAT00309', 'Manitol 20% Solución 250ml', 9, 100),
('MAT00310', 'Bicarbonato de Sodio 8.4% 20ml', 9, 150),
('MAT00311', 'Cloruro de Potasio 20% (Kalium) 10ml', 9, 400),
('MAT00312', 'Sulfato de Magnesio 10% 10ml', 9, 200),
('MAT00313', 'Gluconato de Calcio 10% 10ml', 9, 150),
('MAT00314', 'Agua Grado Inyectable 5ml', 9, 1000),
('MAT00315', 'Voluven (Coloide) Solución 500ml', 9, 50),
('MAT00316', 'Tubo de Recolección al Vacío Tapa Roja (Seco)', 10, 2000),
('MAT00317', 'Tubo de Recolección al Vacío Tapa Lila (EDTA)', 10, 2000),
('MAT00318', 'Tubo de Recolección al Vacío Tapa Celeste (Citrato)', 10, 1500),
('MAT00319', 'Tubo de Recolección al Vacío Tapa Amarilla (Gel)', 10, 1500),
('MAT00320', 'Aguja para Sistema Vacutainer 21G', 10, 2000),
('MAT00321', 'Adaptador Holder para Vacutainer', 10, 500),
('MAT00322', 'Láminas Portaobjetos 26x76mm (Caja x72)', 10, 100),
('MAT00323', 'Laminillas Cubreobjetos 22x22mm', 10, 100),
('MAT00324', 'Puntas para Pipeta Automática (Azul)', 10, 1000),
('MAT00325', 'Puntas para Pipeta Automática (Amarilla)', 10, 1000),
('MAT00326', 'Reactivo Glucosa Oxidasa/Peroxidasa', 10, 20),
('MAT00327', 'Reactivo para Perfil Lipídico (Kit)', 10, 15),
('MAT00328', 'Reactivo de Creatinina Cinética', 10, 15),
('MAT00329', 'Solución de Giemsa para Coloración', 10, 10),
('MAT00330', 'Aceite de Inmersión para Microscopía', 10, 20),
('MAT00331', 'Prueba Rápida de Embarazo (HCG)', 10, 300),
('MAT00332', 'Prueba Rápida VIH 1/2', 10, 200),
('MAT00333', 'Kit de Prueba de Antígeno COVID-19', 10, 500),
('MAT00334', 'Cinta para Uroanálisis (10 Parámetros)', 10, 100),
('MAT00335', 'Placa Radiográfica 14x17 pulg (Caja)', 11, 20),
('MAT00336', 'Placa Radiográfica 10x12 pulg (Caja)', 11, 20),
('MAT00337', 'Líquido Revelador de Rayos X 5L', 11, 10),
('MAT00338', 'Líquido Fijador de Rayos X 5L', 11, 10),
('MAT00339', 'Contraste para Resonancia (Gadolinio)', 11, 30),
('MAT00340', 'Bario Sulfato Suspensión 450ml', 11, 25),
('MAT00341', 'Papel para Impresora de Ultrasonido', 11, 50),
('MAT00342', 'Chasis Radiográfico con Pantalla 14x17', 11, 5),
('MAT00343', 'Chaleco de Plomo para Protección', 11, 10),
('MAT00344', 'Protector de Tiroides Plomado', 11, 10),
('MAT00345', 'Dextrosa 5% en NaCl 0.9% 1000ml', 9, 300),
('MAT00346', 'Solución de Diálisis Peritoneal 1.5%', 9, 100),
('MAT00347', 'Solución de Diálisis Peritoneal 2.5%', 9, 100),
('MAT00348', 'Frasco de Hemocultivo Aeróbico Adulto', 10, 150),
('MAT00349', 'Frasco de Hemocultivo Anaeróbico Adulto', 10, 100),
('MAT00350', 'Frasco de Hemocultivo Pediátrico', 10, 100),
('MAT00351', 'Agar Sangre (Placa preparada)', 10, 200),
('MAT00352', 'Agar MacConkey (Placa preparada)', 10, 200),
('MAT00353', 'Disco de Antibitograma (Multidisco)', 10, 300),
('MAT00354', 'Alcohol Ácido para Coloración BK', 10, 50),
('MAT00355', 'Reactivo de VDRL para Sífilis', 10, 30),
('MAT00356', 'Hisopo Estéril con Medio de Transporte', 10, 400),
('MAT00357', 'Hisopo Estéril Dry para PCR', 10, 500),
('MAT00358', 'Contenedor de Heces con Cuchara', 10, 500),
('MAT00359', 'Frasco para Biopsia con Formol 10%', 10, 200),
('MAT00360', 'Cámara de Neubauer (Recuento Celular)', 10, 5),
('MAT00361', 'Papel Filtro para Laboratorio', 10, 100),
('MAT00362', 'Guantes de Vinilo para Laboratorio S', 10, 500),
('MAT00363', 'Guantes de Vinilo para Laboratorio M', 10, 500),
('MAT00364', 'Cubetas para Espectrofotometría', 10, 200),
('MAT00365', 'Solución Salina Balanceada (Oftálmica)', 9, 40),
('MAT00366', 'Aminoácidos al 10% Nutrición Parenteral', 9, 30),
('MAT00367', 'Lípidos al 20% Nutrición Parenteral', 9, 30),
('MAT00368', 'Multivitaminas para Infusión IV', 9, 50),
('MAT00369', 'Oligoelementos Tracutil', 9, 50),
('MAT00370', 'Fosfato de Potasio Ampolla 10ml', 9, 100),
('MAT00371', 'Gel para Desinfección de Transductores', 11, 40),
('MAT00372', 'Funda Estéril para Ecografía Intraoperatoria', 11, 20),
('MAT00373', 'Catéter de Insuflación Rectal (Bario)', 11, 30),
('MAT00374', 'Gafas de Protección Rayos Láser', 11, 5),
('MAT00375', 'Medio de Contraste No Iónico 300mg', 11, 40),
('MAT00376', 'Medio de Contraste No Iónico 370mg', 11, 40),
('MAT00377', 'Inyector de Contraste (Jeringa Dual)', 11, 20),
('MAT00378', 'Posicionador de Cabeza para Tomografía', 11, 5),
('MAT00379', 'Cámara de Ionización (Calibración)', 11, 2),
('MAT00380', 'Dosímetro Personal Termoluminiscente', 11, 100),
('MAT00381', 'Cloruro de Sodio 0.9% 250ml', 9, 300),
('MAT00382', 'Agua Estéril para Humidificador 500ml', 9, 500),
('MAT00383', 'Solución Salina Hipertónica 3% 250ml', 9, 50),
('MAT00384', 'Solución de Albúmina Humana 20%', 9, 40),
('MAT00385', 'Dextrosa 50% Vial 50ml', 9, 100),
('MAT00386', 'Gelatina Succinilada 4% IV', 9, 50),
('MAT00387', 'Frasco para Mielocultivo', 10, 50),
('MAT00388', 'Reactivo de Factor Reumatoideo', 10, 30),
('MAT00389', 'Antiestreptolisina O (ASO) Latex', 10, 30),
('MAT00390', 'Proteína C Reactiva (PCR) Latex', 10, 100),
('MAT00391', 'Reactivo para Grupo Sanguíneo Anti-A', 10, 20),
('MAT00392', 'Reactivo para Grupo Sanguíneo Anti-B', 10, 20),
('MAT00393', 'Reactivo para Grupo Sanguíneo Anti-D (Rh)', 10, 20),
('MAT00394', 'Albúmina Bovina para Banco de Sangre', 10, 15),
('MAT00395', 'Solución de Lysis para Hemograma', 10, 10),
('MAT00396', 'Detergente Enzimático para Analizador', 10, 10),
('MAT00397', 'Marcador de Piel para Radioterapia', 11, 50),
('MAT00398', 'Bolus de Silicona para Radioterapia', 11, 10),
('MAT00399', 'Fijador Fotográfico Rápido', 11, 15),
('MAT00400', 'Bandeja para Revelado Manual', 11, 5);
GO

INSERT INTO Inventario.Insumos_Medicos (ID_Material, Nombre_Material, ID_Categoria, Stock_Minimo) VALUES
('MAT00401', 'Resina Compuesta Fotocurable A2', 12, 30),
('MAT00402', 'Resina Compuesta Fotocurable A3', 12, 30),
('MAT00403', 'Ácido Grabador Fosfórico 37%', 12, 50),
('MAT00404', 'Adhesivo Dental de Quinta Generación', 12, 25),
('MAT00405', 'Amalgama Dental en Cápsulas', 12, 40),
('MAT00406', 'Iónomero de Vidrio para Base', 12, 20),
('MAT00407', 'Iónomero de Vidrio para Cementación', 12, 20),
('MAT00408', 'Alginato para Impresiones (Bolsa)', 12, 60),
('MAT00409', 'Yeso Piedra Tipo III 1kg', 12, 100),
('MAT00410', 'Eyector de Saliva Descartable x100', 12, 200),
('MAT00411', 'Agujas Dentales Cortas 27G x100', 12, 150),
('MAT00412', 'Agujas Dentales Largas 30G x100', 12, 150),
('MAT00413', 'Anestesia Dental: Lidocaína 2% con Epinefrina', 12, 300),
('MAT00414', 'Anestesia Dental: Mepivacaína 3% Sin Epinefrina', 12, 200),
('MAT00415', 'Tiras de Pulir de Celuloide', 12, 50),
('MAT00416', 'Especulo Vaginal Descartable Talla S', 13, 200),
('MAT00417', 'Especulo Vaginal Descartable Talla M', 13, 300),
('MAT00418', 'Especulo Vaginal Descartable Talla L', 13, 200),
('MAT00419', 'Kit de Papanicolaou (Citocepillo y Espátula)', 13, 500),
('MAT00420', 'Fijador de Citología (Spray)', 13, 50),
('MAT00421', 'Gel para Ultrasonido Obstétrico 5L', 13, 20),
('MAT00422', 'Dispositivo Intrauterino (DIU) T de Cobre', 13, 30),
('MAT00423', 'Implante Anticonceptivo Subdérmico', 13, 20),
('MAT00424', 'Sonda para Histerometría', 13, 50),
('MAT00425', 'Pinza Pozzi de un solo uso', 13, 40),
('MAT00426', 'Detector de Latidos Fetales (Transductor)', 13, 5),
('MAT00427', 'Papel para Monitor Fetal (Cardiotocógrafo)', 13, 50),
('MAT00428', 'Cánula de Aspiración Endouterina (AMEU)', 13, 15),
('MAT00429', 'Glutaraldehído al 2% para Instrumental 5L', 14, 15),
('MAT00430', 'Ortoftalaldehído (OPA) para Endoscopios', 14, 10),
('MAT00431', 'Detergente Enzimático de 4 Enzimas 1L', 14, 40),
('MAT00432', 'Pastillas de Cloro (Dicloroisocianurato)', 14, 100),
('MAT00433', 'Amonio Cuaternario de Quinta Gen. 5L', 14, 50),
('MAT00434', 'Peróxido de Hidrógeno al 3% 1L', 14, 80),
('MAT00435', 'Jabón de Glicerina para Lavado de Manos 1L', 14, 120),
('MAT00436', 'Solución de Glucómetro (Control)', 14, 20),
('MAT00437', 'Conos de Gutapercha Nro 20', 12, 40),
('MAT00438', 'Conos de Gutapercha Nro 25', 12, 40),
('MAT00439', 'Conos de Papel Absorbente Nro 30', 12, 40),
('MAT00440', 'Limas K de Endodoncia 21mm (Set)', 12, 30),
('MAT00441', 'Limas K de Endodoncia 25mm (Set)', 12, 30),
('MAT00442', 'Pasta Profiláctica Dental Sabor Menta', 12, 20),
('MAT00443', 'Escariador Dental Ultrasónico (Punta)', 12, 10),
('MAT00444', 'Fresas de Diamante Redondas (Pack x5)', 12, 50),
('MAT00445', 'Fresas de Carburo de Tungsteno', 12, 50),
('MAT00446', 'Papel de Articular Azul/Rojo', 12, 100),
('MAT00447', 'Dique de Goma para Aislamiento x100', 12, 40),
('MAT00448', 'Arco de Young para Aislamiento', 12, 10),
('MAT00449', 'Matrices Metálicas para Restauración', 12, 200),
('MAT00450', 'Cuńas de Madera Interproximales', 12, 500),
('MAT00451', 'Sellante de Fosas y Fisuras', 12, 15),
('MAT00452', 'Fluor Gel Tópico 1.23%', 12, 20),
('MAT00453', 'Campos para Paciente Odontológico', 12, 1000),
('MAT00454', 'Vasos Plásticos Descartables para Enjuague', 12, 2000),
('MAT00455', 'Bolsas para Autoclave Dentales', 12, 1000),
('MAT00456', 'Condón para Ecografía Transvaginal', 13, 1000),
('MAT00457', 'Pessario Uterino de Silicona', 13, 10),
('MAT00458', 'Kit de Inserción de DIU Estéril', 13, 30),
('MAT00459', 'Tira Reactiva de Nitrazina (Ph Vaginal)', 13, 100),
('MAT00460', 'Aceite de Mineral para Lubricación', 13, 50),
('MAT00461', 'Papel Secante para Camilla Ginecología', 13, 200),
('MAT00462', 'Fórceps Obstétrico Simpson', 13, 2),
('MAT00463', 'Pinza para Biopsia de Cuello Uterino', 13, 5),
('MAT00464', 'Ventosa Obstétrica (Vacuum Extractor)', 13, 3),
('MAT00465', 'Gel Lubricante Estéril (Sachet x5g)', 13, 500),
('MAT00466', 'Muestreador Endometrial (Pipelle)', 13, 40),
('MAT00467', 'Hilo de Nylon para Sutura Ginecológica', 13, 100),
('MAT00468', 'Mascarilla N95 con Válvula de Exhalación', 14, 100),
('MAT00469', 'Solución de Hipoclorito de Sodio 5%', 14, 200),
('MAT00470', 'Alcohol Etílico Desnaturalizado 96%', 14, 100),
('MAT00471', 'Pańitos Desinfectantes de Superficies x80', 14, 150),
('MAT00472', 'Líquido para Limpieza de Cristales Médicos', 14, 30),
('MAT00473', 'Jabón Quirúrgico con Hexaclorofeno', 14, 50),
('MAT00474', 'Esponja de Fregado Pre-Quirúrgico DRY', 14, 200),
('MAT00475', 'Indicador Biológico para Vapor (Ampolla)', 14, 50),
('MAT00476', 'Cinta para Esterilización por Calor Seco', 14, 40),
('MAT00477', 'Líquido Antiempańante para Laparoscopía', 14, 20),
('MAT00478', 'Solución Salina Balanceada Oftálmica 500ml', 14, 40),
('MAT00479', 'Benzalconio Cloruro Solución', 14, 60),
('MAT00480', 'Crema Protectora para Manos del Personal', 14, 50),
('MAT00481', 'Cepillo de Limpieza para Canales de Endoscopio', 14, 30),
('MAT00482', 'Kit de Prueba de Residualidad de Cloro', 14, 10),
('MAT00483', 'Puntas de Mezcla para Impresión Dental', 12, 100),
('MAT00484', 'Silicona por Adición (Masilla)', 12, 15),
('MAT00485', 'Silicona por Condensación (Líquida)', 12, 15),
('MAT00486', 'Cemento de Fosfato de Zinc', 12, 20),
('MAT00487', 'Cemento Quirúrgico Periodontal', 12, 10),
('MAT00488', 'Líquido Acrílico Autocurable', 12, 25),
('MAT00489', 'Polvo Acrílico Rosado (Prótesis)', 12, 25),
('MAT00490', 'Dientes de Acrílico (Juego Completo)', 12, 50),
('MAT00491', 'Pasta para Pulido de Resinas', 12, 20),
('MAT00492', 'Lijas de Acabado Interproximal', 12, 100),
('MAT00493', 'Hilo Retractor Gingival Nro 000', 12, 40),
('MAT00494', 'Hemostático Tópico Dental (Líquido)', 12, 20),
('MAT00495', 'Cubetas para Flúor Talla M', 12, 100),
('MAT00496', 'Cubetas para Impresión Metálicas (Set)', 12, 10),
('MAT00497', 'Aislante de Yeso-Acrílico', 12, 15),
('MAT00498', 'Mechero de Alcohol de Vidrio', 12, 10),
('MAT00499', 'Espátula para Mezcla de Cemento', 12, 15),
('MAT00500', 'Pinza Algodonera Odontológica', 12, 30);
GO


-- 3.3. TERMINAMOS CON EL ESQUEMA SOURCING

--Insertamos en TABLA Sourcing.Proveedores
INSERT INTO Sourcing.Proveedores (ID_Proveedor, Nombre_Proveedor, RUC) VALUES
('PRO001', 'Corporación Farmacéutica Pfizer S.A.', '20100012341'),
('PRO002', 'Laboratorios Roche Q.F. S.A.', '20100056782'),
('PRO003', 'Bayer S.A. Perú', '20100192833'),
('PRO004', 'Droguería Médica Peruana S.A.C.', '20501234564'),
('PRO005', 'Insumos Médicos del Sur S.R.L.', '20456789015'),
('PRO006', 'Tecnología Médica Avanzada S.A.', '20112233446'),
('PRO007', 'Oxígenos y Gases Industriales SAC', '20334455667'),
('PRO008', 'Mobiliario Clínico Hospitalario S.A.', '20998877668'),
('PRO009', 'Laboratorios Abbott del Perú', '20100044339'),
('PRO010', 'Johnson & Johnson Medical Perú', '20100099881'),
('PRO011', 'Distribuidora Quirúrgica Lima', '20556677882'),
('PRO012', 'Suministros Odontológicos S.A.C.', '20443322113'),
('PRO013', 'Importaciones Geriátricas S.A.', '20332211004'),
('PRO014', 'Radiología e Imagen Digital S.A.', '20554433225'),
('PRO015', 'Laboratorios Sanofi Aventis', '20100022116'),
('PRO016', 'Novartis Biosciences Perú S.A.', '20100088777'),
('PRO017', 'GlaxoSmithKline Perú S.A.', '20100033448'),
('PRO018', 'AstraZeneca Perú S.A.C.', '20509988779'),
('PRO019', 'Materiales Dentales del Centro', '20448899001'),
('PRO020', 'Equipos UCI - Soporte Vital S.A.', '20331122442'),
('PRO021', 'B. Braun Medical Perú S.A.', '20100556673'),
('PRO022', 'Terumo Medical Perú S.A.C.', '20601122334'),
('PRO023', 'Fresenius Medical Care Perú', '20512233445'),
('PRO024', 'Medtronic Perú S.A.', '20557788996'),
('PRO025', 'Siemens Healthcare S.A.C.', '20504455667'),
('PRO026', 'General Electric Healthcare Perú', '20118899008'),
('PRO027', 'Philips Medical Systems Perú', '20521122339'),
('PRO028', 'Droguería Continental S.A.C.', '20445566771'),
('PRO029', 'Suministros Biológicos S.A.', '20336677882'),
('PRO030', 'Productos Roche Diagnósticos', '20100077663'),
('PRO031', 'Limpieza y Desinfección Hospitalaria', '20667788994'),
('PRO032', 'Nutrición Clínica Especializada S.A.', '20553322115'),
('PRO033', 'Papelería y Útiles Médicos S.A.C.', '20442211336'),
('PRO034', 'Textiles y Ropa Quirúrgica S.A.', '20331144557'),
('PRO035', 'Distribuidora Global Médica', '20223344558'),
('PRO036', 'Importaciones Médicas del Norte', '20114455669'),
('PRO037', 'Laboratorios Portugal S.R.L.', '20101122331'),
('PRO038', 'Hersil S.A. Laboratorios', '20100066552'),
('PRO039', 'Laboratorios Bagó del Perú S.A.', '20100443323'),
('PRO040', 'Eurofarma Perú S.A.C.', '20603344554'),
('PRO041', 'Droguería Albis S.A.', '20101155445'),
('PRO042', 'Química Suiza S.A.C.', '20100011996'),
('PRO043', 'Saga Falabella Corporativo (Uniformes)', '20100448877'),
('PRO044', 'Insumos Clínicos de Oriente', '20445511228'),
('PRO045', 'Medical Supply Group S.A.C.', '20551122339'),
('PRO046', 'Soluciones de Diálisis S.A.', '20339988771'),
('PRO047', 'Laboratorio Clínico Referencial', '20228877662'),
('PRO048', 'Productora de Oxígeno del Centro', '20117766553'),
('PRO049', 'Metales Médicos S.A.', '20116655444'),
('PRO050', 'Tecnología Quirúrgica Avanzada', '20551144775'),
('PRO051', 'Insumos de Pediatría S.A.C.', '20448877446'),
('PRO052', 'Logística Médica Integral', '20661122557'),
('PRO053', 'Droguería San Borja', '20331122888'),
('PRO054', 'Representaciones Médicas del Sur', '20224455119'),
('PRO055', 'Equipos Ópticos S.A.', '20119988551'),
('PRO056', 'Suministros para Laboratorio S.A.', '20556633222'),
('PRO057', 'Reactivos y Químicos del Perú', '20441122883'),
('PRO058', 'Material Descartable S.A.C.', '20663322114'),
('PRO059', 'Distribuidora de Prótesis S.A.', '20558877445'),
('PRO060', 'Mantenimiento de Equipos Biomédicos', '20331144226');
GO

-- Insertamos en TABLA Sourcing.Metodo_Pago
INSERT INTO Sourcing.Metodo_Pago (ID_Pago, Descripcion_Pago) VALUES
('EFECTI', 'Efectivo'),
('TRANSF', 'Transferencia Bancaria'),
('TARJET', 'Tarjeta de Crédito/Débito'),
('CHEQUE', 'Cheque de Gerencia'),
('CREDIT', 'Crédito Comercial (Factura a 30 días)');
GO

-- Insertamos en TABLA Sourcing.Orden_Compra_H 
INSERT INTO Sourcing.Orden_Compra_H (Nro_OC, Fecha_Creacion, ID_Proveedor, ID_Doctor, ID_Pago, Estado) VALUES
('OC20240001', '2024-01-02', 'PRO001', 'D00001', 'CREDIT', 'Pagado'),
('OC20240002', '2024-01-02', 'PRO005', 'D00003', 'TRANSF', 'Pagado'),
('OC20240003', '2024-01-03', 'PRO010', 'D00005', 'CREDIT', 'Pendiente'),
('OC20240004', '2024-01-04', 'PRO002', 'D00002', 'TRANSF', 'Pagado'),
('OC20240005', '2024-01-05', 'PRO020', 'D00008', 'CHEQUE', 'Pagado'),
('OC20240006', '2024-01-05', 'PRO003', 'D00001', 'CREDIT', 'Cancelado'),
('OC20240007', '2024-01-06', 'PRO015', 'D00004', 'TARJET', 'Pagado'),
('OC20240008', '2024-01-07', 'PRO007', 'D00009', 'EFECTI', 'Pagado'),
('OC20240009', '2024-01-08', 'PRO025', 'D00010', 'CREDIT', 'Pendiente'),
('OC20240010', '2024-01-09', 'PRO011', 'D00002', 'TRANSF', 'Pagado'),
('OC20240011', '2024-01-10', 'PRO004', 'D00003', 'CREDIT', 'Pagado'),
('OC20240012', '2024-01-10', 'PRO030', 'D00006', 'TRANSF', 'Pagado'),
('OC20240013', '2024-01-11', 'PRO012', 'D00007', 'EFECTI', 'Pagado'),
('OC20240014', '2024-01-12', 'PRO001', 'D00001', 'CREDIT', 'Pagado'),
('OC20240015', '2024-01-13', 'PRO008', 'D00005', 'CHEQUE', 'Pagado'),
('OC20240016', '2024-01-14', 'PRO021', 'D00002', 'TRANSF', 'Pendiente'),
('OC20240017', '2024-01-15', 'PRO006', 'D00004', 'CREDIT', 'Pagado'),
('OC20240018', '2024-01-15', 'PRO009', 'D00009', 'TARJET', 'Pagado'),
('OC20240019', '2024-01-16', 'PRO040', 'D00010', 'CREDIT', 'Cancelado'),
('OC20240020', '2024-01-17', 'PRO018', 'D00003', 'TRANSF', 'Pagado'),
('OC20240021', '2024-01-18', 'PRO002', 'D00001', 'CREDIT', 'Pagado'),
('OC20240022', '2024-01-19', 'PRO005', 'D00005', 'TRANSF', 'Pagado'),
('OC20240023', '2024-01-20', 'PRO022', 'D00008', 'CREDIT', 'Pendiente'),
('OC20240024', '2024-01-21', 'PRO010', 'D00002', 'TARJET', 'Pagado'),
('OC20240025', '2024-01-22', 'PRO013', 'D00004', 'EFECTI', 'Pagado'),
('OC20240026', '2024-01-22', 'PRO007', 'D00006', 'CREDIT', 'Pagado'),
('OC20240027', '2024-01-23', 'PRO035', 'D00009', 'TRANSF', 'Pagado'),
('OC20240028', '2024-01-24', 'PRO011', 'D00001', 'CREDIT', 'Pagado'),
('OC20240029', '2024-01-25', 'PRO004', 'D00003', 'CHEQUE', 'Pagado'),
('OC20240030', '2024-01-26', 'PRO003', 'D00005', 'CREDIT', 'Pendiente'),
('OC20240031', '2024-01-27', 'PRO015', 'D00002', 'TRANSF', 'Pagado'),
('OC20240032', '2024-01-28', 'PRO009', 'D00007', 'TARJET', 'Pagado'),
('OC20240033', '2024-01-29', 'PRO026', 'D00010', 'CREDIT', 'Pagado'),
('OC20240034', '2024-01-30', 'PRO001', 'D00004', 'TRANSF', 'Pagado'),
('OC20240035', '2024-01-31', 'PRO045', 'D00008', 'CREDIT', 'Cancelado'),
('OC20240036', '2024-02-01', 'PRO006', 'D00002', 'EFECTI', 'Pagado'),
('OC20240037', '2024-02-01', 'PRO012', 'D00003', 'CREDIT', 'Pagado'),
('OC20240038', '2024-02-02', 'PRO020', 'D00005', 'TRANSF', 'Pendiente'),
('OC20240039', '2024-02-03', 'PRO002', 'D00001', 'CREDIT', 'Pagado'),
('OC20240040', '2024-02-04', 'PRO008', 'D00009', 'CHEQUE', 'Pagado'),
('OC20240041', '2024-02-05', 'PRO011', 'D00004', 'CREDIT', 'Pagado'),
('OC20240042', '2024-02-06', 'PRO019', 'D00006', 'TRANSF', 'Pagado'),
('OC20240043', '2024-02-07', 'PRO005', 'D00002', 'TARJET', 'Pagado'),
('OC20240044', '2024-02-08', 'PRO014', 'D00010', 'CREDIT', 'Pendiente'),
('OC20240045', '2024-02-09', 'PRO003', 'D00001', 'TRANSF', 'Pagado'),
('OC20240046', '2024-02-10', 'PRO001', 'D00003', 'CREDIT', 'Pagado'),
('OC20240047', '2024-02-10', 'PRO017', 'D00007', 'EFECTI', 'Pagado'),
('OC20240048', '2024-02-12', 'PRO009', 'D00005', 'CREDIT', 'Pagado'),
('OC20240049', '2024-02-12', 'PRO028', 'D00008', 'CHEQUE', 'Pagado'),
('OC20240050', '2024-02-13', 'PRO004', 'D00002', 'TRANSF', 'Pagado'),
('OC20240051', '2024-02-14', 'PRO032', 'D00004', 'CREDIT', 'Pendiente'),
('OC20240052', '2024-02-15', 'PRO002', 'D00001', 'TARJET', 'Pagado'),
('OC20240053', '2024-02-16', 'PRO010', 'D00009', 'CREDIT', 'Pagado'),
('OC20240054', '2024-02-17', 'PRO015', 'D00006', 'TRANSF', 'Pagado'),
('OC20240055', '2024-02-18', 'PRO007', 'D00010', 'EFECTI', 'Cancelado'),
('OC20240056', '2024-02-19', 'PRO021', 'D00002', 'CREDIT', 'Pagado'),
('OC20240057', '2024-02-20', 'PRO001', 'D00003', 'TRANSF', 'Pagado'),
('OC20240058', '2024-02-21', 'PRO008', 'D00005', 'CREDIT', 'Pagado'),
('OC20240059', '2024-02-22', 'PRO006', 'D00007', 'CHEQUE', 'Pendiente'),
('OC20240060', '2024-02-23', 'PRO012', 'D00004', 'TRANSF', 'Pagado'),
('OC20240061', '2024-02-24', 'PRO003', 'D00008', 'CREDIT', 'Pagado'),
('OC20240062', '2024-02-25', 'PRO005', 'D00001', 'TARJET', 'Pagado'),
('OC20240063', '2024-02-26', 'PRO011', 'D00009', 'CREDIT', 'Pagado'),
('OC20240064', '2024-02-27', 'PRO025', 'D00002', 'TRANSF', 'Pagado'),
('OC20240065', '2024-02-28', 'PRO009', 'D00010', 'EFECTI', 'Pagado'),
('OC20240066', '2024-02-29', 'PRO001', 'D00003', 'CREDIT', 'Pendiente'),
('OC20240067', '2024-03-01', 'PRO002', 'D00001', 'TRANSF', 'Pagado'),
('OC20240068', '2024-03-02', 'PRO004', 'D00005', 'CREDIT', 'Pagado'),
('OC20240069', '2024-03-03', 'PRO006', 'D00007', 'CHEQUE', 'Pagado'),
('OC20240070', '2024-03-04', 'PRO008', 'D00004', 'TARJET', 'Pagado'),
('OC20240071', '2024-03-05', 'PRO010', 'D00002', 'CREDIT', 'Pagado'),
('OC20240072', '2024-03-06', 'PRO012', 'D00010', 'TRANSF', 'Cancelado'),
('OC20240073', '2024-03-07', 'PRO014', 'D00009', 'EFECTI', 'Pagado'),
('OC20240074', '2024-03-08', 'PRO016', 'D00006', 'CREDIT', 'Pagado'),
('OC20240075', '2024-03-09', 'PRO018', 'D00001', 'TRANSF', 'Pendiente'),
('OC20240076', '2024-03-10', 'PRO020', 'D00003', 'CREDIT', 'Pagado'),
('OC20240077', '2024-03-11', 'PRO022', 'D00005', 'CHEQUE', 'Pagado'),
('OC20240078', '2024-03-12', 'PRO024', 'D00008', 'TARJET', 'Pagado'),
('OC20240079', '2024-03-13', 'PRO026', 'D00002', 'CREDIT', 'Pagado'),
('OC20240080', '2024-03-14', 'PRO028', 'D00004', 'TRANSF', 'Pagado'),
('OC20240081', '2024-03-15', 'PRO030', 'D00007', 'EFECTI', 'Pagado'),
('OC20240082', '2024-03-16', 'PRO032', 'D00010', 'CREDIT', 'Pendiente'),
('OC20240083', '2024-03-17', 'PRO034', 'D00009', 'TRANSF', 'Pagado'),
('OC20240084', '2024-03-18', 'PRO036', 'D00006', 'CREDIT', 'Pagado'),
('OC20240085', '2024-03-19', 'PRO038', 'D00001', 'CHEQUE', 'Pagado'),
('OC20240086', '2024-03-20', 'PRO040', 'D00003', 'TARJET', 'Pagado'),
('OC20240087', '2024-03-21', 'PRO042', 'D00005', 'CREDIT', 'Pagado'),
('OC20240088', '2024-03-22', 'PRO044', 'D00008', 'TRANSF', 'Cancelado'),
('OC20240089', '2024-03-23', 'PRO046', 'D00002', 'EFECTI', 'Pagado'),
('OC20240090', '2024-03-24', 'PRO048', 'D00004', 'CREDIT', 'Pagado'),
('OC20240091', '2024-03-25', 'PRO050', 'D00007', 'TRANSF', 'Pendiente'),
('OC20240092', '2024-03-26', 'PRO052', 'D00010', 'CREDIT', 'Pagado'),
('OC20240093', '2024-03-27', 'PRO054', 'D00009', 'CHEQUE', 'Pagado'),
('OC20240094', '2024-03-28', 'PRO056', 'D00006', 'TARJET', 'Pagado'),
('OC20240095', '2024-03-29', 'PRO058', 'D00001', 'CREDIT', 'Pagado'),
('OC20240096', '2024-03-30', 'PRO060', 'D00003', 'TRANSF', 'Pagado'),
('OC20240097', '2024-03-31', 'PRO001', 'D00005', 'EFECTI', 'Pagado'),
('OC20240098', '2024-04-01', 'PRO005', 'D00008', 'CREDIT', 'Pendiente'),
('OC20240099', '2024-04-02', 'PRO010', 'D00002', 'TRANSF', 'Pagado'),
('OC20240100', '2024-04-03', 'PRO015', 'D00004', 'CREDIT', 'Pagado'),
('OC20240101', '2024-04-04', 'PRO020', 'D00007', 'CREDIT', 'Pagado'),
('OC20240102', '2024-04-05', 'PRO002', 'D00001', 'TRANSF', 'Pagado'),
('OC20240103', '2024-04-05', 'PRO025', 'D00003', 'CREDIT', 'Pendiente'),
('OC20240104', '2024-04-06', 'PRO012', 'D00009', 'TARJET', 'Pagado'),
('OC20240105', '2024-04-07', 'PRO006', 'D00010', 'CHEQUE', 'Pagado'),
('OC20240106', '2024-04-08', 'PRO033', 'D00002', 'EFECTI', 'Pagado'),
('OC20240107', '2024-04-09', 'PRO001', 'D00005', 'CREDIT', 'Pagado'),
('OC20240108', '2024-04-10', 'PRO044', 'D00008', 'TRANSF', 'Cancelado'),
('OC20240109', '2024-04-11', 'PRO015', 'D00004', 'CREDIT', 'Pagado'),
('OC20240110', '2024-04-12', 'PRO009', 'D00006', 'TARJET', 'Pagado'),
('OC20240111', '2024-04-13', 'PRO003', 'D00001', 'CREDIT', 'Pendiente'),
('OC20240112', '2024-04-14', 'PRO050', 'D00003', 'TRANSF', 'Pagado'),
('OC20240113', '2024-04-15', 'PRO011', 'D00007', 'CHEQUE', 'Pagado'),
('OC20240114', '2024-04-16', 'PRO004', 'D00002', 'CREDIT', 'Pagado'),
('OC20240115', '2024-04-17', 'PRO021', 'D00005', 'EFECTI', 'Pagado'),
('OC20240116', '2024-04-18', 'PRO008', 'D00010', 'TRANSF', 'Pagado'),
('OC20240117', '2024-04-19', 'PRO030', 'D00009', 'CREDIT', 'Pendiente'),
('OC20240118', '2024-04-20', 'PRO002', 'D00004', 'TARJET', 'Pagado'),
('OC20240119', '2024-04-21', 'PRO018', 'D00006', 'CREDIT', 'Pagado'),
('OC20240120', '2024-04-22', 'PRO005', 'D00008', 'TRANSF', 'Pagado'),
('OC20240121', '2024-04-23', 'PRO013', 'D00001', 'CREDIT', 'Pagado'),
('OC20240122', '2024-04-24', 'PRO026', 'D00003', 'CHEQUE', 'Pagado'),
('OC20240123', '2024-04-25', 'PRO007', 'D00005', 'EFECTI', 'Cancelado'),
('OC20240124', '2024-04-26', 'PRO040', 'D00002', 'CREDIT', 'Pagado'),
('OC20240125', '2024-04-27', 'PRO010', 'D00007', 'TRANSF', 'Pagado'),
('OC20240126', '2024-04-28', 'PRO055', 'D00009', 'TARJET', 'Pendiente'),
('OC20240127', '2024-04-29', 'PRO001', 'D00004', 'CREDIT', 'Pagado'),
('OC20240128', '2024-04-30', 'PRO014', 'D00010', 'TRANSF', 'Pagado'),
('OC20240129', '2024-05-01', 'PRO003', 'D00006', 'CREDIT', 'Pagado'),
('OC20240130', '2024-05-02', 'PRO022', 'D00008', 'CHEQUE', 'Pagado'),
('OC20240131', '2024-05-03', 'PRO009', 'D00001', 'EFECTI', 'Pagado'),
('OC20240132', '2024-05-04', 'PRO035', 'D00003', 'CREDIT', 'Pendiente'),
('OC20240133', '2024-05-05', 'PRO006', 'D00005', 'TRANSF', 'Pagado'),
('OC20240134', '2024-05-06', 'PRO019', 'D00002', 'TARJET', 'Pagado'),
('OC20240135', '2024-05-07', 'PRO002', 'D00007', 'CREDIT', 'Pagado'),
('OC20240136', '2024-05-08', 'PRO015', 'D00010', 'TRANSF', 'Pagado'),
('OC20240137', '2024-05-09', 'PRO048', 'D00009', 'CREDIT', 'Cancelado'),
('OC20240138', '2024-05-10', 'PRO001', 'D00004', 'CHEQUE', 'Pagado'),
('OC20240139', '2024-05-11', 'PRO028', 'D00006', 'EFECTI', 'Pagado'),
('OC20240140', '2024-05-12', 'PRO004', 'D00008', 'CREDIT', 'Pendiente'),
('OC20240141', '2024-05-13', 'PRO011', 'D00001', 'TRANSF', 'Pagado'),
('OC20240142', '2024-05-14', 'PRO008', 'D00003', 'TARJET', 'Pagado'),
('OC20240143', '2024-05-15', 'PRO020', 'D00005', 'CREDIT', 'Pagado'),
('OC20240144', '2024-05-16', 'PRO002', 'D00002', 'TRANSF', 'Pagado'),
('OC20240145', '2024-05-17', 'PRO007', 'D00007', 'CHEQUE', 'Pagado'),
('OC20240146', '2024-05-18', 'PRO010', 'D00010', 'EFECTI', 'Pagado'),
('OC20240147', '2024-05-19', 'PRO052', 'D00009', 'CREDIT', 'Pendiente'),
('OC20240148', '2024-05-20', 'PRO001', 'D00004', 'TRANSF', 'Pagado'),
('OC20240149', '2024-05-21', 'PRO013', 'D00006', 'TARJET', 'Pagado'),
('OC20240150', '2024-05-22', 'PRO030', 'D00008', 'CREDIT', 'Pagado'),
('OC20240151', '2024-05-23', 'PRO003', 'D00001', 'TRANSF', 'Pagado'),
('OC20240152', '2024-05-24', 'PRO018', 'D00003', 'CHEQUE', 'Cancelado'),
('OC20240153', '2024-05-25', 'PRO005', 'D00005', 'EFECTI', 'Pagado'),
('OC20240154', '2024-05-26', 'PRO045', 'D00002', 'CREDIT', 'Pendiente'),
('OC20240155', '2024-05-27', 'PRO012', 'D00007', 'TRANSF', 'Pagado'),
('OC20240156', '2024-05-28', 'PRO009', 'D00010', 'TARJET', 'Pagado'),
('OC20240157', '2024-05-29', 'PRO026', 'D00009', 'CREDIT', 'Pagado'),
('OC20240158', '2024-05-30', 'PRO002', 'D00004', 'TRANSF', 'Pagado'),
('OC20240159', '2024-05-31', 'PRO011', 'D00006', 'CHEQUE', 'Pagado'),
('OC20240160', '2024-06-01', 'PRO001', 'D00008', 'EFECTI', 'Pagado'),
('OC20240161', '2024-06-02', 'PRO032', 'D00001', 'CREDIT', 'Pendiente'),
('OC20240162', '2024-06-03', 'PRO004', 'D00003', 'TRANSF', 'Pagado'),
('OC20240163', '2024-06-04', 'PRO008', 'D00005', 'TARJET', 'Pagado'),
('OC20240164', '2024-06-05', 'PRO015', 'D00002', 'CREDIT', 'Pagado'),
('OC20240165', '2024-06-06', 'PRO021', 'D00007', 'TRANSF', 'Pagado'),
('OC20240166', '2024-06-07', 'PRO006', 'D00010', 'CHEQUE', 'Cancelado'),
('OC20240167', '2024-06-08', 'PRO010', 'D00009', 'EFECTI', 'Pagado'),
('OC20240168', '2024-06-09', 'PRO002', 'D00004', 'CREDIT', 'Pendiente'),
('OC20240169', '2024-06-10', 'PRO019', 'D00006', 'TRANSF', 'Pagado'),
('OC20240170', '2024-06-11', 'PRO001', 'D00008', 'TARJET', 'Pagado'),
('OC20240171', '2024-06-12', 'PRO007', 'D00001', 'CREDIT', 'Pagado'),
('OC20240172', '2024-06-13', 'PRO030', 'D00003', 'TRANSF', 'Pagado'),
('OC20240173', '2024-06-14', 'PRO014', 'D00005', 'CHEQUE', 'Pagado'),
('OC20240174', '2024-06-15', 'PRO003', 'D00002', 'EFECTI', 'Pagado'),
('OC20240175', '2024-06-16', 'PRO042', 'D00007', 'CREDIT', 'Pendiente'),
('OC20240176', '2024-06-17', 'PRO011', 'D00010', 'TRANSF', 'Pagado'),
('OC20240177', '2024-06-18', 'PRO005', 'D00009', 'TARJET', 'Pagado'),
('OC20240178', '2024-06-19', 'PRO001', 'D00004', 'CREDIT', 'Pagado'),
('OC20240179', '2024-06-20', 'PRO013', 'D00006', 'TRANSF', 'Pagado'),
('OC20240180', '2024-06-21', 'PRO025', 'D00008', 'CHEQUE', 'Pagado'),
('OC20240181', '2024-06-22', 'PRO002', 'D00001', 'EFECTI', 'Cancelado'),
('OC20240182', '2024-06-23', 'PRO018', 'D00003', 'CREDIT', 'Pendiente'),
('OC20240183', '2024-06-24', 'PRO009', 'D00005', 'TRANSF', 'Pagado'),
('OC20240184', '2024-06-25', 'PRO006', 'D00002', 'TARJET', 'Pagado'),
('OC20240185', '2024-06-26', 'PRO001', 'D00007', 'CREDIT', 'Pagado'),
('OC20240186', '2024-06-27', 'PRO012', 'D00010', 'TRANSF', 'Pagado'),
('OC20240187', '2024-06-28', 'PRO035', 'D00009', 'CHEQUE', 'Pagado'),
('OC20240188', '2024-06-29', 'PRO002', 'D00004', 'EFECTI', 'Pagado'),
('OC20240189', '2024-06-30', 'PRO004', 'D00006', 'CREDIT', 'Pendiente'),
('OC20240190', '2024-07-01', 'PRO015', 'D00008', 'TRANSF', 'Pagado'),
('OC20240191', '2024-07-02', 'PRO021', 'D00001', 'TARJET', 'Pagado'),
('OC20240192', '2024-07-03', 'PRO001', 'D00003', 'CREDIT', 'Pagado'),
('OC20240193', '2024-07-04', 'PRO010', 'D00005', 'TRANSF', 'Pagado'),
('OC20240194', '2024-07-05', 'PRO003', 'D00002', 'CHEQUE', 'Pagado'),
('OC20240195', '2024-07-06', 'PRO008', 'D00007', 'EFECTI', 'Pagado'),
('OC20240196', '2024-07-07', 'PRO002', 'D00010', 'CREDIT', 'Pendiente'),
('OC20240197', '2024-07-08', 'PRO007', 'D00009', 'TRANSF', 'Pagado'),
('OC20240198', '2024-07-09', 'PRO028', 'D00004', 'TARJET', 'Pagado'),
('OC20240199', '2024-07-10', 'PRO011', 'D00006', 'CREDIT', 'Pagado'),
('OC20240200', '2024-07-11', 'PRO005', 'D00008', 'TRANSF', 'Pagado'),
('OC20240201', '2024-07-12', 'PRO001', 'D00001', 'CREDIT', 'Pagado'),
('OC20240202', '2024-07-13', 'PRO030', 'D00003', 'TRANSF', 'Pagado'),
('OC20240203', '2024-07-14', 'PRO014', 'D00005', 'CREDIT', 'Pendiente'),
('OC20240204', '2024-07-15', 'PRO040', 'D00002', 'TARJET', 'Pagado'),
('OC20240205', '2024-07-15', 'PRO002', 'D00007', 'CHEQUE', 'Pagado'),
('OC20240206', '2024-07-16', 'PRO011', 'D00010', 'EFECTI', 'Pagado'),
('OC20240207', '2024-07-17', 'PRO006', 'D00009', 'CREDIT', 'Pagado'),
('OC20240208', '2024-07-18', 'PRO025', 'D00004', 'TRANSF', 'Cancelado'),
('OC20240209', '2024-07-19', 'PRO018', 'D00006', 'CREDIT', 'Pagado'),
('OC20240210', '2024-07-20', 'PRO004', 'D00008', 'TARJET', 'Pagado'),
('OC20240211', '2024-07-21', 'PRO009', 'D00001', 'CREDIT', 'Pendiente'),
('OC20240212', '2024-07-22', 'PRO052', 'D00003', 'TRANSF', 'Pagado'),
('OC20240213', '2024-07-23', 'PRO003', 'D00005', 'CHEQUE', 'Pagado'),
('OC20240214', '2024-07-24', 'PRO007', 'D00002', 'CREDIT', 'Pagado'),
('OC20240215', '2024-07-25', 'PRO021', 'D00007', 'EFECTI', 'Pagado'),
('OC20240216', '2024-07-26', 'PRO001', 'D00010', 'TRANSF', 'Pagado'),
('OC20240217', '2024-07-27', 'PRO012', 'D00009', 'CREDIT', 'Pendiente'),
('OC20240218', '2024-07-28', 'PRO008', 'D00004', 'TARJET', 'Pagado'),
('OC20240219', '2024-07-29', 'PRO015', 'D00006', 'CREDIT', 'Pagado'),
('OC20240220', '2024-07-30', 'PRO005', 'D00008', 'TRANSF', 'Pagado'),
('OC20240221', '2024-07-31', 'PRO026', 'D00001', 'CREDIT', 'Pagado'),
('OC20240222', '2024-08-01', 'PRO002', 'D00003', 'CHEQUE', 'Pagado'),
('OC20240223', '2024-08-01', 'PRO045', 'D00005', 'EFECTI', 'Cancelado'),
('OC20240224', '2024-08-02', 'PRO010', 'D00002', 'CREDIT', 'Pagado'),
('OC20240225', '2024-08-03', 'PRO001', 'D00007', 'TRANSF', 'Pagado'),
('OC20240226', '2024-08-04', 'PRO032', 'D00009', 'TARJET', 'Pendiente'),
('OC20240227', '2024-08-05', 'PRO006', 'D00004', 'CREDIT', 'Pagado'),
('OC20240228', '2024-08-06', 'PRO013', 'D00010', 'TRANSF', 'Pagado'),
('OC20240229', '2024-08-07', 'PRO009', 'D00006', 'CREDIT', 'Pagado'),
('OC20240230', '2024-08-08', 'PRO035', 'D00008', 'CHEQUE', 'Pagado'),
('OC20240231', '2024-08-09', 'PRO004', 'D00001', 'EFECTI', 'Pagado'),
('OC20240232', '2024-08-10', 'PRO011', 'D00003', 'CREDIT', 'Pendiente'),
('OC20240233', '2024-08-11', 'PRO002', 'D00005', 'TRANSF', 'Pagado'),
('OC20240234', '2024-08-12', 'PRO020', 'D00002', 'TARJET', 'Pagado'),
('OC20240235', '2024-08-13', 'PRO001', 'D00007', 'CREDIT', 'Pagado'),
('OC20240236', '2024-08-14', 'PRO019', 'D00010', 'TRANSF', 'Pagado'),
('OC20240237', '2024-08-15', 'PRO015', 'D00009', 'CREDIT', 'Cancelado'),
('OC20240238', '2024-08-16', 'PRO008', 'D00004', 'CHEQUE', 'Pagado'),
('OC20240239', '2024-08-17', 'PRO048', 'D00006', 'EFECTI', 'Pagado'),
('OC20240240', '2024-08-18', 'PRO003', 'D00008', 'CREDIT', 'Pendiente'),
('OC20240241', '2024-08-19', 'PRO010', 'D00001', 'TRANSF', 'Pagado'),
('OC20240242', '2024-08-20', 'PRO022', 'D00003', 'TARJET', 'Pagado'),
('OC20240243', '2024-08-21', 'PRO001', 'D00005', 'CREDIT', 'Pagado'),
('OC20240244', '2024-08-22', 'PRO007', 'D00002', 'TRANSF', 'Pagado'),
('OC20240245', '2024-08-23', 'PRO012', 'D00007', 'CHEQUE', 'Pagado'),
('OC20240246', '2024-08-24', 'PRO002', 'D00010', 'EFECTI', 'Pagado'),
('OC20240247', '2024-08-25', 'PRO030', 'D00009', 'CREDIT', 'Pendiente'),
('OC20240248', '2024-08-26', 'PRO014', 'D00004', 'TRANSF', 'Pagado'),
('OC20240249', '2024-08-27', 'PRO005', 'D00006', 'TARJET', 'Pagado'),
('OC20240250', '2024-08-28', 'PRO028', 'D00008', 'CREDIT', 'Pagado'),
('OC20240251', '2024-08-29', 'PRO011', 'D00001', 'TRANSF', 'Pagado'),
('OC20240252', '2024-08-30', 'PRO001', 'D00003', 'CHEQUE', 'Cancelado'),
('OC20240253', '2024-08-31', 'PRO018', 'D00005', 'EFECTI', 'Pagado'),
('OC20240254', '2024-09-01', 'PRO006', 'D00002', 'CREDIT', 'Pendiente'),
('OC20240255', '2024-09-02', 'PRO025', 'D00007', 'TRANSF', 'Pagado'),
('OC20240256', '2024-09-03', 'PRO002', 'D00010', 'TARJET', 'Pagado'),
('OC20240257', '2024-09-04', 'PRO009', 'D00009', 'CREDIT', 'Pagado'),
('OC20240258', '2024-09-05', 'PRO040', 'D00004', 'TRANSF', 'Pagado'),
('OC20240259', '2024-09-06', 'PRO001', 'D00006', 'CHEQUE', 'Pagado'),
('OC20240260', '2024-09-07', 'PRO021', 'D00008', 'EFECTI', 'Pagado'),
('OC20240261', '2024-09-08', 'PRO013', 'D00001', 'CREDIT', 'Pendiente'),
('OC20240262', '2024-09-09', 'PRO003', 'D00003', 'TRANSF', 'Pagado'),
('OC20240263', '2024-09-10', 'PRO010', 'D00005', 'TARJET', 'Pagado'),
('OC20240264', '2024-09-11', 'PRO001', 'D00002', 'CREDIT', 'Pagado'),
('OC20240265', '2024-09-12', 'PRO015', 'D00007', 'TRANSF', 'Pagado'),
('OC20240266', '2024-09-13', 'PRO002', 'D00010', 'CHEQUE', 'Cancelado'),
('OC20240267', '2024-09-14', 'PRO007', 'D00009', 'EFECTI', 'Pagado'),
('OC20240268', '2024-09-15', 'PRO028', 'D00004', 'CREDIT', 'Pendiente'),
('OC20240269', '2024-09-16', 'PRO005', 'D00006', 'TRANSF', 'Pagado'),
('OC20240270', '2024-09-17', 'PRO011', 'D00008', 'TARJET', 'Pagado'),
('OC20240271', '2024-09-18', 'PRO001', 'D00001', 'CREDIT', 'Pagado'),
('OC20240272', '2024-09-19', 'PRO032', 'D00003', 'TRANSF', 'Pagado'),
('OC20240273', '2024-09-20', 'PRO004', 'D00005', 'CHEQUE', 'Pagado'),
('OC20240274', '2024-09-21', 'PRO008', 'D00002', 'EFECTI', 'Pagado'),
('OC20240275', '2024-09-22', 'PRO010', 'D00007', 'CREDIT', 'Pendiente'),
('OC20240276', '2024-09-23', 'PRO002', 'D00010', 'TRANSF', 'Pagado'),
('OC20240277', '2024-09-24', 'PRO012', 'D00009', 'TARJET', 'Pagado'),
('OC20240278', '2024-09-25', 'PRO001', 'D00004', 'CREDIT', 'Pagado'),
('OC20240279', '2024-09-26', 'PRO026', 'D00006', 'TRANSF', 'Pagado'),
('OC20240280', '2024-09-27', 'PRO019', 'D00008', 'CHEQUE', 'Pagado'),
('OC20240281', '2024-09-28', 'PRO003', 'D00001', 'EFECTI', 'Cancelado'),
('OC20240282', '2024-09-29', 'PRO015', 'D00003', 'CREDIT', 'Pendiente'),
('OC20240283', '2024-09-30', 'PRO006', 'D00005', 'TRANSF', 'Pagado'),
('OC20240284', '2024-10-01', 'PRO001', 'D00002', 'TARJET', 'Pagado'),
('OC20240285', '2024-10-02', 'PRO009', 'D00007', 'CREDIT', 'Pagado'),
('OC20240286', '2024-10-03', 'PRO002', 'D00010', 'TRANSF', 'Pagado'),
('OC20240287', '2024-10-04', 'PRO013', 'D00009', 'CHEQUE', 'Pagado'),
('OC20240288', '2024-10-05', 'PRO035', 'D00004', 'EFECTI', 'Pagado'),
('OC20240289', '2024-10-06', 'PRO001', 'D00006', 'CREDIT', 'Pendiente'),
('OC20240290', '2024-10-07', 'PRO020', 'D00008', 'TRANSF', 'Pagado'),
('OC20240291', '2024-10-08', 'PRO005', 'D00001', 'TARJET', 'Pagado'),
('OC20240292', '2024-10-09', 'PRO011', 'D00003', 'CREDIT', 'Pagado'),
('OC20240293', '2024-10-10', 'PRO001', 'D00005', 'TRANSF', 'Pagado'),
('OC20240294', '2024-10-11', 'PRO007', 'D00002', 'CHEQUE', 'Pagado'),
('OC20240295', '2024-10-12', 'PRO018', 'D00007', 'EFECTI', 'Pagado'),
('OC20240296', '2024-10-13', 'PRO002', 'D00010', 'CREDIT', 'Pendiente'),
('OC20240297', '2024-10-14', 'PRO010', 'D00009', 'TRANSF', 'Pagado'),
('OC20240298', '2024-10-15', 'PRO001', 'D00004', 'TARJET', 'Pagado'),
('OC20240299', '2024-10-16', 'PRO021', 'D00006', 'CREDIT', 'Pagado'),
('OC20240300', '2024-10-17', 'PRO014', 'D00008', 'TRANSF', 'Pagado'),
('OC20240301', '2024-10-18', 'PRO002', 'D00001', 'CREDIT', 'Pagado'),
('OC20240302', '2024-10-19', 'PRO006', 'D00003', 'TRANSF', 'Pagado'),
('OC20240303', '2024-10-20', 'PRO032', 'D00005', 'CREDIT', 'Pendiente'),
('OC20240304', '2024-10-21', 'PRO011', 'D00002', 'TARJET', 'Pagado'),
('OC20240305', '2024-10-22', 'PRO001', 'D00007', 'CHEQUE', 'Pagado'),
('OC20240306', '2024-10-23', 'PRO009', 'D00010', 'EFECTI', 'Pagado'),
('OC20240307', '2024-10-24', 'PRO015', 'D00009', 'CREDIT', 'Pagado'),
('OC20240308', '2024-10-25', 'PRO025', 'D00004', 'TRANSF', 'Cancelado'),
('OC20240309', '2024-10-26', 'PRO003', 'D00006', 'CREDIT', 'Pagado'),
('OC20240310', '2024-10-27', 'PRO007', 'D00008', 'TARJET', 'Pagado'),
('OC20240311', '2024-10-28', 'PRO045', 'D00001', 'CREDIT', 'Pendiente'),
('OC20240312', '2024-10-29', 'PRO002', 'D00003', 'TRANSF', 'Pagado'),
('OC20240313', '2024-10-30', 'PRO028', 'D00005', 'CHEQUE', 'Pagado'),
('OC20240314', '2024-10-31', 'PRO001', 'D00002', 'CREDIT', 'Pagado'),
('OC20240315', '2024-11-01', 'PRO010', 'D00007', 'EFECTI', 'Pagado'),
('OC20240316', '2024-11-02', 'PRO019', 'D00010', 'TRANSF', 'Pagado'),
('OC20240317', '2024-11-02', 'PRO008', 'D00009', 'CREDIT', 'Pendiente'),
('OC20240318', '2024-11-03', 'PRO005', 'D00004', 'TARJET', 'Pagado'),
('OC20240319', '2024-11-04', 'PRO014', 'D00006', 'CREDIT', 'Pagado'),
('OC20240320', '2024-11-05', 'PRO001', 'D00008', 'TRANSF', 'Pagado'),
('OC20240321', '2024-11-06', 'PRO022', 'D00001', 'CREDIT', 'Pagado'),
('OC20240322', '2024-11-07', 'PRO002', 'D00003', 'CHEQUE', 'Pagado'),
('OC20240323', '2024-11-08', 'PRO030', 'D00005', 'EFECTI', 'Cancelado'),
('OC20240324', '2024-11-09', 'PRO006', 'D00002', 'CREDIT', 'Pagado'),
('OC20240325', '2024-11-10', 'PRO012', 'D00007', 'TRANSF', 'Pagado'),
('OC20240326', '2024-11-11', 'PRO001', 'D00010', 'TARJET', 'Pendiente'),
('OC20240327', '2024-11-12', 'PRO018', 'D00009', 'CREDIT', 'Pagado'),
('OC20240328', '2024-11-13', 'PRO009', 'D00004', 'TRANSF', 'Pagado'),
('OC20240329', '2024-11-14', 'PRO004', 'D00006', 'CREDIT', 'Pagado'),
('OC20240330', '2024-11-15', 'PRO035', 'D00008', 'CHEQUE', 'Pagado'),
('OC20240331', '2024-11-16', 'PRO001', 'D00001', 'EFECTI', 'Pagado'),
('OC20240332', '2024-11-17', 'PRO011', 'D00003', 'CREDIT', 'Pendiente'),
('OC20240333', '2024-11-18', 'PRO020', 'D00005', 'TRANSF', 'Pagado'),
('OC20240334', '2024-11-19', 'PRO002', 'D00002', 'TARJET', 'Pagado'),
('OC20240335', '2024-11-20', 'PRO013', 'D00007', 'CREDIT', 'Pagado'),
('OC20240336', '2024-11-21', 'PRO001', 'D00010', 'TRANSF', 'Pagado'),
('OC20240337', '2024-11-22', 'PRO021', 'D00009', 'CREDIT', 'Cancelado'),
('OC20240338', '2024-11-23', 'PRO007', 'D00004', 'CHEQUE', 'Pagado'),
('OC20240339', '2024-11-24', 'PRO040', 'D00006', 'EFECTI', 'Pagado'),
('OC20240340', '2024-11-25', 'PRO003', 'D00008', 'CREDIT', 'Pendiente'),
('OC20240341', '2024-11-26', 'PRO001', 'D00001', 'TRANSF', 'Pagado'),
('OC20240342', '2024-11-27', 'PRO005', 'D00003', 'TARJET', 'Pagado'),
('OC20240343', '2024-11-28', 'PRO010', 'D00005', 'CREDIT', 'Pagado'),
('OC20240344', '2024-11-29', 'PRO002', 'D00002', 'TRANSF', 'Pagado'),
('OC20240345', '2024-11-30', 'PRO015', 'D00007', 'CHEQUE', 'Pagado'),
('OC20240346', '2024-12-01', 'PRO001', 'D00010', 'EFECTI', 'Pagado'),
('OC20240347', '2024-12-01', 'PRO048', 'D00009', 'CREDIT', 'Pendiente'),
('OC20240348', '2024-12-02', 'PRO008', 'D00004', 'TRANSF', 'Pagado'),
('OC20240349', '2024-12-03', 'PRO026', 'D00006', 'TARJET', 'Pagado'),
('OC20240350', '2024-12-04', 'PRO002', 'D00008', 'CREDIT', 'Pagado'),
('OC20240351', '2024-12-05', 'PRO012', 'D00001', 'TRANSF', 'Pagado'),
('OC20240352', '2024-12-06', 'PRO001', 'D00003', 'CHEQUE', 'Cancelado'),
('OC20240353', '2024-12-07', 'PRO004', 'D00005', 'EFECTI', 'Pagado'),
('OC20240354', '2024-12-08', 'PRO006', 'D00002', 'CREDIT', 'Pendiente'),
('OC20240355', '2024-12-09', 'PRO032', 'D00007', 'TRANSF', 'Pagado'),
('OC20240356', '2024-12-10', 'PRO002', 'D00010', 'TARJET', 'Pagado'),
('OC20240357', '2024-12-11', 'PRO009', 'D00009', 'CREDIT', 'Pagado'),
('OC20240358', '2024-12-12', 'PRO014', 'D00004', 'TRANSF', 'Pagado'),
('OC20240359', '2024-12-13', 'PRO001', 'D00006', 'CHEQUE', 'Pagado'),
('OC20240360', '2024-12-14', 'PRO011', 'D00008', 'EFECTI', 'Pagado'),
('OC20240361', '2024-12-15', 'PRO025', 'D00001', 'CREDIT', 'Pendiente'),
('OC20240362', '2024-12-16', 'PRO002', 'D00003', 'TRANSF', 'Pagado'),
('OC20240363', '2024-12-17', 'PRO010', 'D00005', 'TARJET', 'Pagado'),
('OC20240364', '2024-12-18', 'PRO001', 'D00002', 'CREDIT', 'Pagado'),
('OC20240365', '2024-12-19', 'PRO022', 'D00007', 'TRANSF', 'Pagado'),
('OC20240366', '2024-12-20', 'PRO003', 'D00010', 'CHEQUE', 'Cancelado'),
('OC20240367', '2024-12-21', 'PRO007', 'D00009', 'EFECTI', 'Pagado'),
('OC20240368', '2024-12-22', 'PRO018', 'D00004', 'CREDIT', 'Pendiente'),
('OC20240369', '2024-12-23', 'PRO002', 'D00006', 'TRANSF', 'Pagado'),
('OC20240370', '2024-12-24', 'PRO035', 'D00008', 'TARJET', 'Pagado'),
('OC20240371', '2024-12-25', 'PRO001', 'D00001', 'CREDIT', 'Pagado'),
('OC20240372', '2024-12-26', 'PRO005', 'D00003', 'TRANSF', 'Pagado'),
('OC20240373', '2024-12-27', 'PRO013', 'D00005', 'CHEQUE', 'Pagado'),
('OC20240374', '2024-12-28', 'PRO001', 'D00002', 'EFECTI', 'Pagado'),
('OC20240375', '2024-12-29', 'PRO002', 'D00007', 'CREDIT', 'Pendiente'),
('OC20240376', '2024-12-30', 'PRO019', 'D00010', 'TRANSF', 'Pagado'),
('OC20240377', '2024-12-31', 'PRO008', 'D00009', 'TARJET', 'Pagado'),
('OC20240378', '2025-01-02', 'PRO001', 'D00004', 'CREDIT', 'Pagado'),
('OC20240379', '2025-01-03', 'PRO028', 'D00006', 'TRANSF', 'Pagado'),
('OC20240380', '2025-01-04', 'PRO012', 'D00008', 'CHEQUE', 'Pagado'),
('OC20240381', '2025-01-05', 'PRO002', 'D00001', 'EFECTI', 'Cancelado'),
('OC20240382', '2025-01-06', 'PRO015', 'D00003', 'CREDIT', 'Pendiente'),
('OC20240383', '2025-01-07', 'PRO001', 'D00005', 'TRANSF', 'Pagado'),
('OC20240384', '2025-01-08', 'PRO006', 'D00002', 'TARJET', 'Pagado'),
('OC20240385', '2025-01-09', 'PRO010', 'D00007', 'CREDIT', 'Pagado'),
('OC20240386', '2025-01-10', 'PRO002', 'D00010', 'TRANSF', 'Pagado'),
('OC20240387', '2025-01-11', 'PRO021', 'D00009', 'CHEQUE', 'Pagado'),
('OC20240388', '2025-01-12', 'PRO004', 'D00004', 'EFECTI', 'Pagado'),
('OC20240389', '2025-01-13', 'PRO001', 'D00006', 'CREDIT', 'Pendiente'),
('OC20240390', '2025-01-14', 'PRO003', 'D00008', 'TRANSF', 'Pagado'),
('OC20240391', '2025-01-15', 'PRO007', 'D00001', 'TARJET', 'Pagado'),
('OC20240392', '2025-01-16', 'PRO002', 'D00003', 'CREDIT', 'Pagado'),
('OC20240393', '2025-01-17', 'PRO030', 'D00005', 'TRANSF', 'Pagado'),
('OC20240394', '2025-01-18', 'PRO001', 'D00002', 'CHEQUE', 'Pagado'),
('OC20240395', '2025-01-19', 'PRO011', 'D00007', 'EFECTI', 'Pagado'),
('OC20240396', '2025-01-20', 'PRO009', 'D00010', 'CREDIT', 'Pendiente'),
('OC20240397', '2025-01-21', 'PRO002', 'D00009', 'TRANSF', 'Pagado'),
('OC20240398', '2025-01-22', 'PRO014', 'D00004', 'TARJET', 'Pagado'),
('OC20240399', '2025-01-23', 'PRO001', 'D00006', 'CREDIT', 'Pagado'),
('OC20240400', '2025-01-24', 'PRO020', 'D00008', 'TRANSF', 'Pagado'),
('OC20240401', '2025-01-25', 'PRO002', 'D00001', 'CREDIT', 'Pagado'),
('OC20240402', '2025-01-26', 'PRO005', 'D00003', 'TRANSF', 'Pagado'),
('OC20240403', '2025-01-27', 'PRO032', 'D00005', 'CREDIT', 'Pendiente'),
('OC20240404', '2025-01-28', 'PRO015', 'D00002', 'TARJET', 'Pagado'),
('OC20240405', '2025-01-29', 'PRO001', 'D00007', 'CHEQUE', 'Pagado'),
('OC20240406', '2025-01-30', 'PRO011', 'D00010', 'EFECTI', 'Pagado'),
('OC20240407', '2025-01-31', 'PRO004', 'D00009', 'CREDIT', 'Pagado'),
('OC20240408', '2025-02-01', 'PRO025', 'D00004', 'TRANSF', 'Cancelado'),
('OC20240409', '2025-02-02', 'PRO006', 'D00006', 'CREDIT', 'Pagado'),
('OC20240410', '2025-02-03', 'PRO001', 'D00008', 'TARJET', 'Pagado'),
('OC20240411', '2025-02-04', 'PRO045', 'D00001', 'CREDIT', 'Pendiente'),
('OC20240412', '2025-02-05', 'PRO009', 'D00003', 'TRANSF', 'Pagado'),
('OC20240413', '2025-02-06', 'PRO013', 'D00005', 'CHEQUE', 'Pagado'),
('OC20240414', '2025-02-07', 'PRO002', 'D00002', 'CREDIT', 'Pagado'),
('OC20240415', '2025-02-08', 'PRO001', 'D00007', 'EFECTI', 'Pagado'),
('OC20240416', '2025-02-09', 'PRO030', 'D00010', 'TRANSF', 'Pagado'),
('OC20240417', '2025-02-10', 'PRO014', 'D00009', 'CREDIT', 'Pendiente'),
('OC20240418', '2025-02-11', 'PRO008', 'D00004', 'TARJET', 'Pagado'),
('OC20240419', '2025-02-12', 'PRO026', 'D00006', 'CREDIT', 'Pagado'),
('OC20240420', '2025-02-13', 'PRO001', 'D00008', 'TRANSF', 'Pagado'),
('OC20240421', '2025-02-14', 'PRO010', 'D00001', 'CREDIT', 'Pagado'),
('OC20240422', '2025-02-15', 'PRO002', 'D00003', 'CHEQUE', 'Pagado'),
('OC20240423', '2025-02-16', 'PRO003', 'D00005', 'EFECTI', 'Cancelado'),
('OC20240424', '2025-02-17', 'PRO018', 'D00002', 'CREDIT', 'Pagado'),
('OC20240425', '2025-02-18', 'PRO001', 'D00007', 'TRANSF', 'Pagado'),
('OC20240426', '2025-02-19', 'PRO012', 'D00010', 'TARJET', 'Pendiente'),
('OC20240427', '2025-02-20', 'PRO040', 'D00009', 'CREDIT', 'Pagado'),
('OC20240428', '2025-02-21', 'PRO002', 'D00004', 'TRANSF', 'Pagado'),
('OC20240429', '2025-02-22', 'PRO007', 'D00006', 'CREDIT', 'Pagado'),
('OC20240430', '2025-02-23', 'PRO035', 'D00008', 'CHEQUE', 'Pagado'),
('OC20240431', '2025-02-24', 'PRO001', 'D00001', 'EFECTI', 'Pagado'),
('OC20240432', '2025-02-25', 'PRO021', 'D00003', 'CREDIT', 'Pendiente'),
('OC20240433', '2025-02-26', 'PRO002', 'D00005', 'TRANSF', 'Pagado'),
('OC20240434', '2025-02-27', 'PRO005', 'D00002', 'TARJET', 'Pagado'),
('OC20240435', '2025-02-28', 'PRO011', 'D00007', 'CREDIT', 'Pagado'),
('OC20240436', '2025-03-01', 'PRO001', 'D00010', 'TRANSF', 'Pagado'),
('OC20240437', '2025-03-02', 'PRO048', 'D00009', 'CREDIT', 'Cancelado'),
('OC20240438', '2025-03-03', 'PRO008', 'D00004', 'CHEQUE', 'Pagado'),
('OC20240439', '2025-03-04', 'PRO019', 'D00006', 'EFECTI', 'Pagado'),
('OC20240440', '2025-03-05', 'PRO002', 'D00008', 'CREDIT', 'Pendiente'),
('OC20240441', '2025-03-06', 'PRO010', 'D00001', 'TRANSF', 'Pagado'),
('OC20240442', '2025-03-07', 'PRO001', 'D00003', 'TARJET', 'Pagado'),
('OC20240443', '2025-03-08', 'PRO028', 'D00005', 'CREDIT', 'Pagado'),
('OC20240444', '2025-03-09', 'PRO015', 'D00002', 'TRANSF', 'Pagado'),
('OC20240445', '2025-03-10', 'PRO003', 'D00007', 'CHEQUE', 'Pagado'),
('OC20240446', '2025-03-11', 'PRO001', 'D00010', 'EFECTI', 'Pagado'),
('OC20240447', '2025-03-12', 'PRO012', 'D00009', 'CREDIT', 'Pendiente'),
('OC20240448', '2025-03-13', 'PRO002', 'D00004', 'TRANSF', 'Pagado'),
('OC20240449', '2025-03-14', 'PRO020', 'D00006', 'TARJET', 'Pagado'),
('OC20240450', '2024-03-15', 'PRO005', 'D00008', 'CREDIT', 'Pagado'),
('OC20240451', '2025-03-16', 'PRO011', 'D00001', 'TRANSF', 'Pagado'),
('OC20240452', '2025-03-17', 'PRO001', 'D00003', 'CHEQUE', 'Cancelado'),
('OC20240453', '2025-03-18', 'PRO014', 'D00005', 'EFECTI', 'Pagado'),
('OC20240454', '2025-03-19', 'PRO002', 'D00002', 'CREDIT', 'Pendiente'),
('OC20240455', '2025-03-20', 'PRO032', 'D00007', 'TRANSF', 'Pagado'),
('OC20240456', '2025-03-21', 'PRO001', 'D00010', 'TARJET', 'Pagado'),
('OC20240457', '2025-03-22', 'PRO009', 'D00009', 'CREDIT', 'Pagado'),
('OC20240458', '2025-03-23', 'PRO006', 'D00004', 'TRANSF', 'Pagado'),
('OC20240459', '2025-03-24', 'PRO001', 'D00006', 'CHEQUE', 'Pagado'),
('OC20240460', '2025-03-25', 'PRO010', 'D00008', 'EFECTI', 'Pagado'),
('OC20240461', '2025-03-26', 'PRO025', 'D00001', 'CREDIT', 'Pendiente'),
('OC20240462', '2025-03-27', 'PRO002', 'D00003', 'TRANSF', 'Pagado'),
('OC20240463', '2025-03-28', 'PRO013', 'D00005', 'TARJET', 'Pagado'),
('OC20240464', '2025-03-29', 'PRO001', 'D00002', 'CREDIT', 'Pagado'),
('OC20240465', '2025-03-30', 'PRO022', 'D00007', 'TRANSF', 'Pagado'),
('OC20240466', '2025-03-31', 'PRO003', 'D00010', 'CHEQUE', 'Cancelado'),
('OC20240467', '2025-04-01', 'PRO007', 'D00009', 'EFECTI', 'Pagado'),
('OC20240468', '2025-04-02', 'PRO045', 'D00004', 'CREDIT', 'Pendiente'),
('OC20240469', '2025-04-03', 'PRO001', 'D00006', 'TRANSF', 'Pagado'),
('OC20240470', '2025-04-04', 'PRO018', 'D00008', 'TARJET', 'Pagado'),
('OC20240471', '2025-04-05', 'PRO002', 'D00001', 'CREDIT', 'Pagado'),
('OC20240472', '2025-04-06', 'PRO035', 'D00003', 'TRANSF', 'Pagado'),
('OC20240473', '2025-04-07', 'PRO012', 'D00005', 'CHEQUE', 'Pagado'),
('OC20240474', '2025-04-08', 'PRO001', 'D00002', 'EFECTI', 'Pagado'),
('OC20240475', '2025-04-09', 'PRO005', 'D00007', 'CREDIT', 'Pendiente'),
('OC20240476', '2025-04-10', 'PRO015', 'D00010', 'TRANSF', 'Pagado'),
('OC20240477', '2025-04-11', 'PRO001', 'D00009', 'TARJET', 'Pagado'),
('OC20240478', '2025-04-12', 'PRO008', 'D00004', 'CREDIT', 'Pagado'),
('OC20240479', '2025-04-13', 'PRO028', 'D00006', 'TRANSF', 'Pagado'),
('OC20240480', '2025-04-14', 'PRO002', 'D00008', 'CHEQUE', 'Pagado'),
('OC20240481', '2025-04-15', 'PRO011', 'D00001', 'EFECTI', 'Cancelado'),
('OC20240482', '2025-04-16', 'PRO001', 'D00003', 'CREDIT', 'Pendiente'),
('OC20240483', '2025-04-17', 'PRO004', 'D00005', 'TRANSF', 'Pagado'),
('OC20240484', '2025-04-18', 'PRO006', 'D00002', 'TARJET', 'Pagado'),
('OC20240485', '2025-04-19', 'PRO010', 'D00007', 'CREDIT', 'Pagado'),
('OC20240486', '2025-04-20', 'PRO002', 'D00010', 'TRANSF', 'Pagado'),
('OC20240487', '2025-04-21', 'PRO021', 'D00009', 'CHEQUE', 'Pagado'),
('OC20240488', '2025-04-22', 'PRO013', 'D00004', 'EFECTI', 'Pagado'),
('OC20240489', '2025-04-23', 'PRO001', 'D00006', 'CREDIT', 'Pendiente'),
('OC20240490', '2025-04-24', 'PRO026', 'D00008', 'TRANSF', 'Pagado'),
('OC20240491', '2025-04-25', 'PRO002', 'D00001', 'TARJET', 'Pagado'),
('OC20240492', '2025-04-26', 'PRO003', 'D00003', 'CREDIT', 'Pagado'),
('OC20240493', '2025-04-27', 'PRO001', 'D00005', 'TRANSF', 'Pagado'),
('OC20240494', '2025-04-28', 'PRO007', 'D00002', 'CHEQUE', 'Pagado'),
('OC20240495', '2025-04-29', 'PRO030', 'D00007', 'EFECTI', 'Pagado'),
('OC20240496', '2025-04-30', 'PRO011', 'D00010', 'CREDIT', 'Pendiente'),
('OC20240497', '2025-05-01', 'PRO002', 'D00009', 'TRANSF', 'Pagado'),
('OC20240498', '2025-05-02', 'PRO014', 'D00004', 'TARJET', 'Pagado'),
('OC20240499', '2025-05-03', 'PRO001', 'D00006', 'CREDIT', 'Pagado'),
('OC20240500', '2025-05-04', 'PRO019', 'D00008', 'TRANSF', 'Pagado'),
('OC20240501', '2025-05-05', 'PRO001', 'D00001', 'CREDIT', 'Pagado'),
('OC20240502', '2025-05-06', 'PRO032', 'D00003', 'TRANSF', 'Pagado'),
('OC20240503', '2025-05-07', 'PRO002', 'D00005', 'CREDIT', 'Pendiente'),
('OC20240504', '2025-05-08', 'PRO011', 'D00002', 'TARJET', 'Pagado'),
('OC20240505', '2025-05-09', 'PRO008', 'D00007', 'CHEQUE', 'Pagado'),
('OC20240506', '2025-05-10', 'PRO001', 'D00010', 'EFECTI', 'Pagado'),
('OC20240507', '2025-05-11', 'PRO045', 'D00009', 'CREDIT', 'Pagado'),
('OC20240508', '2025-05-12', 'PRO004', 'D00004', 'TRANSF', 'Cancelado'),
('OC20240509', '2025-05-13', 'PRO015', 'D00006', 'CREDIT', 'Pagado'),
('OC20240510', '2025-05-14', 'PRO001', 'D00008', 'TARJET', 'Pagado'),
('OC20240511', '2025-05-15', 'PRO020', 'D00001', 'CREDIT', 'Pendiente'),
('OC20240512', '2025-05-16', 'PRO002', 'D00003', 'TRANSF', 'Pagado'),
('OC20240513', '2025-05-17', 'PRO030', 'D00005', 'CHEQUE', 'Pagado'),
('OC20240514', '2025-05-18', 'PRO009', 'D00002', 'CREDIT', 'Pagado'),
('OC20240515', '2025-05-19', 'PRO001', 'D00007', 'EFECTI', 'Pagado'),
('OC20240516', '2025-05-20', 'PRO012', 'D00010', 'TRANSF', 'Pagado'),
('OC20240517', '2025-05-21', 'PRO002', 'D00009', 'CREDIT', 'Pendiente'),
('OC20240518', '2025-05-22', 'PRO014', 'D00004', 'TARJET', 'Pagado'),
('OC20240519', '2025-05-23', 'PRO006', 'D00006', 'CREDIT', 'Pagado'),
('OC20240520', '2025-05-24', 'PRO001', 'D00008', 'TRANSF', 'Pagado'),
('OC20240521', '2025-05-25', 'PRO018', 'D00001', 'CREDIT', 'Pagado'),
('OC20240522', '2025-05-26', 'PRO005', 'D00003', 'CHEQUE', 'Pagado'),
('OC20240523', '2025-05-27', 'PRO003', 'D00005', 'EFECTI', 'Cancelado'),
('OC20240524', '2025-05-28', 'PRO021', 'D00002', 'CREDIT', 'Pagado'),
('OC20240525', '2025-05-29', 'PRO001', 'D00007', 'TRANSF', 'Pagado'),
('OC20240526', '2025-05-30', 'PRO013', 'D00010', 'TARJET', 'Pendiente'),
('OC20240527', '2025-05-31', 'PRO002', 'D00009', 'CREDIT', 'Pagado'),
('OC20240528', '2025-06-01', 'PRO010', 'D00004', 'TRANSF', 'Pagado'),
('OC20240529', '2025-06-02', 'PRO026', 'D00006', 'CREDIT', 'Pagado'),
('OC20240530', '2025-06-03', 'PRO001', 'D00008', 'CHEQUE', 'Pagado'),
('OC20240531', '2025-06-04', 'PRO035', 'D00001', 'EFECTI', 'Pagado'),
('OC20240532', '2025-06-05', 'PRO007', 'D00003', 'CREDIT', 'Pendiente'),
('OC20240533', '2025-06-06', 'PRO001', 'D00005', 'TRANSF', 'Pagado'),
('OC20240534', '2025-06-07', 'PRO011', 'D00002', 'TARJET', 'Pagado'),
('OC20240535', '2025-06-08', 'PRO002', 'D00007', 'CREDIT', 'Pagado'),
('OC20240536', '2025-06-09', 'PRO028', 'D00010', 'TRANSF', 'Pagado'),
('OC20240537', '2025-06-10', 'PRO015', 'D00009', 'CREDIT', 'Cancelado'),
('OC20240538', '2025-06-11', 'PRO001', 'D00004', 'CHEQUE', 'Pagado'),
('OC20240539', '2025-06-12', 'PRO040', 'D00006', 'EFECTI', 'Pagado'),
('OC20240540', '2025-06-13', 'PRO008', 'D00008', 'CREDIT', 'Pendiente'),
('OC20240541', '2025-06-14', 'PRO003', 'D00001', 'TRANSF', 'Pagado'),
('OC20240542', '2025-06-15', 'PRO001', 'D00003', 'TARJET', 'Pagado'),
('OC20240543', '2025-06-16', 'PRO010', 'D00005', 'CREDIT', 'Pagado'),
('OC20240544', '2025-06-17', 'PRO002', 'D00002', 'TRANSF', 'Pagado'),
('OC20240545', '2025-06-18', 'PRO019', 'D00007', 'CHEQUE', 'Pagado'),
('OC20240546', '2025-06-19', 'PRO001', 'D00010', 'EFECTI', 'Pagado'),
('OC20240547', '2025-06-20', 'PRO032', 'D00009', 'CREDIT', 'Pendiente'),
('OC20240548', '2025-06-21', 'PRO004', 'D00004', 'TRANSF', 'Pagado'),
('OC20240549', '2025-06-22', 'PRO001', 'D00006', 'TARJET', 'Pagado'),
('OC20240550', '2025-06-23', 'PRO022', 'D00008', 'CREDIT', 'Pagado'),
('OC20240551', '2025-06-24', 'PRO011', 'D00001', 'TRANSF', 'Pagado'),
('OC20240552', '2025-06-25', 'PRO001', 'D00003', 'CHEQUE', 'Cancelado'),
('OC20240553', '2025-06-26', 'PRO014', 'D00005', 'EFECTI', 'Pagado'),
('OC20240554', '2025-06-27', 'PRO002', 'D00002', 'CREDIT', 'Pendiente'),
('OC20240555', '2025-06-28', 'PRO005', 'D00007', 'TRANSF', 'Pagado'),
('OC20240556', '2025-06-29', 'PRO001', 'D00010', 'TARJET', 'Pagado'),
('OC20240557', '2025-06-30', 'PRO013', 'D00009', 'CREDIT', 'Pagado'),
('OC20240558', '2025-07-01', 'PRO009', 'D00004', 'TRANSF', 'Pagado'),
('OC20240559', '2025-07-02', 'PRO001', 'D00006', 'CHEQUE', 'Pagado'),
('OC20240560', '2025-07-03', 'PRO025', 'D00008', 'EFECTI', 'Pagado'),
('OC20240561', '2025-07-04', 'PRO002', 'D00001', 'CREDIT', 'Pendiente'),
('OC20240562', '2025-07-05', 'PRO006', 'D00003', 'TRANSF', 'Pagado'),
('OC20240563', '2025-07-06', 'PRO001', 'D00005', 'TARJET', 'Pagado'),
('OC20240564', '2025-07-07', 'PRO015', 'D00002', 'CREDIT', 'Pagado'),
('OC20240565', '2025-07-08', 'PRO003', 'D00007', 'TRANSF', 'Pagado'),
('OC20240566', '2025-07-09', 'PRO001', 'D00010', 'CHEQUE', 'Cancelado'),
('OC20240567', '2025-07-10', 'PRO007', 'D00009', 'EFECTI', 'Pagado'),
('OC20240568', '2025-07-11', 'PRO021', 'D00004', 'CREDIT', 'Pendiente'),
('OC20240569', '2025-07-12', 'PRO002', 'D00006', 'TRANSF', 'Pagado'),
('OC20240570', '2025-07-13', 'PRO045', 'D00008', 'TARJET', 'Pagado'),
('OC20240571', '2025-07-14', 'PRO001', 'D00001', 'CREDIT', 'Pagado'),
('OC20240572', '2025-07-15', 'PRO010', 'D00003', 'TRANSF', 'Pagado'),
('OC20240573', '2025-07-16', 'PRO018', 'D00005', 'CHEQUE', 'Pagado'),
('OC20240574', '2025-07-17', 'PRO001', 'D00002', 'EFECTI', 'Pagado'),
('OC20240575', '2025-07-18', 'PRO012', 'D00007', 'CREDIT', 'Pendiente'),
('OC20240576', '2025-07-19', 'PRO002', 'D00010', 'TRANSF', 'Pagado'),
('OC20240577', '2025-07-20', 'PRO030', 'D00009', 'TARJET', 'Pagado'),
('OC20240578', '2025-07-21', 'PRO001', 'D00004', 'CREDIT', 'Pagado'),
('OC20240579', '2025-07-22', 'PRO008', 'D00006', 'TRANSF', 'Pagado'),
('OC20240580', '2025-07-23', 'PRO019', 'D00008', 'CHEQUE', 'Pagado'),
('OC20240581', '2025-07-24', 'PRO001', 'D00001', 'EFECTI', 'Cancelado'),
('OC20240582', '2025-07-25', 'PRO002', 'D00003', 'CREDIT', 'Pendiente'),
('OC20240583', '2025-07-26', 'PRO005', 'D00005', 'TRANSF', 'Pagado'),
('OC20240584', '2025-07-27', 'PRO001', 'D00002', 'TARJET', 'Pagado'),
('OC20240585', '2025-07-28', 'PRO011', 'D00007', 'CREDIT', 'Pagado'),
('OC20240586', '2025-07-29', 'PRO040', 'D00010', 'TRANSF', 'Pagado'),
('OC20240587', '2025-07-30', 'PRO001', 'D00009', 'CHEQUE', 'Pagado'),
('OC20240588', '2025-07-31', 'PRO014', 'D00004', 'EFECTI', 'Pagado'),
('OC20240589', '2025-08-01', 'PRO002', 'D00006', 'CREDIT', 'Pendiente'),
('OC20240590', '2025-08-02', 'PRO032', 'D00008', 'TRANSF', 'Pagado'),
('OC20240591', '2025-08-03', 'PRO001', 'D00001', 'TARJET', 'Pagado'),
('OC20240592', '2025-08-04', 'PRO006', 'D00003', 'CREDIT', 'Pagado'),
('OC20240593', '2025-08-05', 'PRO010', 'D00005', 'TRANSF', 'Pagado'),
('OC20240594', '2025-08-06', 'PRO001', 'D00002', 'CHEQUE', 'Pagado'),
('OC20240595', '2025-08-07', 'PRO021', 'D00007', 'EFECTI', 'Pagado'),
('OC20240596', '2025-08-08', 'PRO002', 'D00010', 'CREDIT', 'Pendiente'),
('OC20240597', '2025-08-09', 'PRO003', 'D00009', 'TRANSF', 'Pagado'),
('OC20240598', '2025-08-10', 'PRO001', 'D00004', 'TARJET', 'Pagado'),
('OC20240599', '2025-08-11', 'PRO013', 'D00006', 'CREDIT', 'Pagado'),
('OC20240600', '2025-08-12', 'PRO001', 'D00008', 'TRANSF', 'Pagado');
GO

-- Insertamos en TABLA Sourcing.Orden_Compra_D
INSERT INTO Sourcing.Orden_Compra_D (Nro_OC, ID_Material, ID_Prioridad, ID_UM, Cantidad, Precio_Unitario, Fecha_Vencimiento) VALUES
('OC20240301', 'MAT00301', 'URGEN', 'UNID', 55, 19.80, '2026-07-15'),
('OC20240302', 'MAT00302', 'CONSU', 'CAJA', 10, 145.00, '2025-10-20'),
('OC20240303', 'MAT00303', 'QUIRU', 'FRAS', 28, 52.30, '2027-01-12'),
('OC20240304', 'MAT00304', 'STOCK', 'PAQU', 14, 92.00, '2026-08-05'),
('OC20240305', 'MAT00305', 'URGEN', 'UNID', 130, 4.10, '2025-11-28'),
('OC20240306', 'MAT00306', 'CONSU', 'FRAS', 40, 22.00, '2027-03-15'),
('OC20240307', 'MAT00307', 'HOSPI', 'UNID', 190, 1.95, '2026-12-10'),
('OC20240308', 'MAT00308', 'STOCK', 'CAJA', 9, 210.00, '2025-07-20'),
('OC20240309', 'MAT00309', 'URGEN', 'PAQU', 20, 65.00, '2026-05-18'),
('OC20240310', 'MAT00310', 'CONSU', 'UNID', 80, 28.50, '2027-04-22'),
('OC20240311', 'MAT00311', 'QUIRU', 'FRAS', 22, 75.00, '2026-11-01'),
('OC20240312', 'MAT00312', 'STOCK', 'UNID', 160, 4.90, '2025-12-05'),
('OC20240313', 'MAT00313', 'URGEN', 'CAJA', 11, 195.00, '2026-06-30'),
('OC20240314', 'MAT00314', 'CONSU', 'PAQU', 20, 58.00, '2027-05-15'),
('OC20240315', 'MAT00315', 'HOSPI', 'UNID', 105, 9.20, '2026-03-05'),
('OC20240316', 'MAT00316', 'STOCK', 'FRAS', 38, 31.00, '2025-08-10'),
('OC20240317', 'MAT00317', 'URGEN', 'UNID', 45, 52.00, '2027-09-25'),
('OC20240318', 'MAT00318', 'CONSU', 'CAJA', 13, 118.00, '2026-04-12'),
('OC20240319', 'MAT00319', 'QUIRU', 'PAQU', 35, 42.00, '2027-11-30'),
('OC20240320', 'MAT00320', 'STOCK', 'UNID', 280, 1.65, '2026-05-20'),
('OC20240321', 'MAT00321', 'URGEN', 'FRAS', 20, 95.00, '2025-12-15'),
('OC20240322', 'MAT00322', 'CONSU', 'UNID', 95, 17.50, '2026-08-28'),
('OC20240323', 'MAT00323', 'HOSPI', 'CAJA', 10, 162.00, '2027-03-01'),
('OC20240324', 'MAT00324', 'STOCK', 'PAQU', 42, 26.00, '2026-07-14'),
('OC20240325', 'MAT00325', 'URGEN', 'UNID', 500, 0.75, '2025-11-20'),
('OC20240326', 'MAT00326', 'CONSU', 'FRAS', 38, 39.00, '2027-02-18'),
('OC20240327', 'MAT00327', 'QUIRU', 'UNID', 85, 48.00, '2026-10-30'),
('OC20240328', 'MAT00328', 'STOCK', 'CAJA', 7, 340.00, '2025-11-05'),
('OC20240329', 'MAT00329', 'URGEN', 'PAQU', 14, 122.00, '2026-07-07'),
('OC20240330', 'MAT00330', 'CONSU', 'UNID', 140, 12.30, '2027-06-15'),
('OC20240331', 'MAT00331', 'HOSPI', 'FRAS', 28, 62.00, '2026-04-01'),
('OC20240332', 'MAT00332', 'STOCK', 'UNID', 380, 3.10, '2025-12-10'),
('OC20240333', 'MAT00333', 'URGEN', 'CAJA', 15, 85.00, '2027-04-12'),
('OC20240334', 'MAT00334', 'CONSU', 'PAQU', 30, 48.00, '2026-09-22'),
('OC20240335', 'MAT00335', 'QUIRU', 'UNID', 90, 15.50, '2027-08-30'),
('OC20240336', 'MAT00336', 'STOCK', 'FRAS', 50, 24.00, '2026-01-20'),
('OC20240337', 'MAT00337', 'URGEN', 'UNID', 220, 6.20, '2025-12-30'),
('OC20240338', 'MAT00338', 'CONSU', 'CAJA', 8, 260.00, '2027-05-18'),
('OC20240339', 'MAT00339', 'HOSPI', 'PAQU', 40, 35.00, '2026-10-15'),
('OC20240340', 'MAT00340', 'STOCK', 'UNID', 250, 8.20, '2025-11-20'),
('OC20240341', 'MAT00341', 'URGEN', 'FRAS', 30, 82.00, '2027-06-25'),
('OC20240342', 'MAT00342', 'CONSU', 'UNID', 150, 14.80, '2026-05-01'),
('OC20240343', 'MAT00343', 'QUIRU', 'CAJA', 20, 72.00, '2027-10-30'),
('OC20240344', 'MAT00344', 'STOCK', 'PAQU', 18, 128.00, '2026-08-14'),
('OC20240345', 'MAT00345', 'URGEN', 'UNID', 350, 3.50, '2025-10-15'),
('OC20240346', 'MAT00346', 'CONSU', 'FRAS', 45, 33.00, '2027-03-22'),
('OC20240347', 'MAT00347', 'HOSPI', 'UNID', 170, 11.20, '2026-12-05'),
('OC20240348', 'MAT00348', 'STOCK', 'CAJA', 12, 148.00, '2025-12-01'),
('OC20240349', 'MAT00349', 'URGEN', 'PAQU', 15, 125.00, '2027-01-10'),
('OC20240350', 'MAT00350', 'CONSU', 'UNID', 290, 7.10, '2026-04-18'),
('OC20240351', 'MAT00351', 'QUIRU', 'FRAS', 48, 41.00, '2027-09-05'),
('OC20240352', 'MAT00352', 'STOCK', 'UNID', 600, 1.45, '2026-08-30'),
('OC20240353', 'MAT00353', 'URGEN', 'CAJA', 10, 240.00, '2025-09-12'),
('OC20240354', 'MAT00354', 'CONSU', 'PAQU', 25, 75.00, '2027-05-30'),
('OC20240355', 'MAT00355', 'HOSPI', 'UNID', 140, 15.50, '2026-11-20'),
('OC20240356', 'MAT00356', 'STOCK', 'FRAS', 35, 65.00, '2025-12-14'),
('OC20240357', 'MAT00357', 'URGEN', 'UNID', 110, 35.00, '2027-08-11'),
('OC20240358', 'MAT00358', 'CONSU', 'CAJA', 12, 185.00, '2026-03-22'),
('OC20240359', 'MAT00359', 'QUIRU', 'PAQU', 50, 31.00, '2027-11-15'),
('OC20240360', 'MAT00360', 'STOCK', 'UNID', 200, 10.50, '2026-07-07'),
('OC20240361', 'MAT00361', 'URGEN', 'FRAS', 38, 88.00, '2025-10-25'),
('OC20240362', 'MAT00362', 'CONSU', 'UNID', 180, 13.20, '2027-04-04'),
('OC20240363', 'MAT00363', 'HOSPI', 'CAJA', 24, 52.00, '2026-12-01'),
('OC20240364', 'MAT00364', 'STOCK', 'PAQU', 16, 145.00, '2025-11-15'),
('OC20240365', 'MAT00365', 'URGEN', 'UNID', 450, 2.80, '2027-06-12'),
('OC20240366', 'MAT00366', 'CONSU', 'FRAS', 40, 46.50, '2026-10-10'),
('OC20240367', 'MAT00367', 'QUIRU', 'UNID', 150, 16.20, '2027-12-20'),
('OC20240368', 'MAT00368', 'STOCK', 'CAJA', 22, 92.00, '2026-02-14'),
('OC20240369', 'MAT00369', 'URGEN', 'PAQU', 18, 165.00, '2025-09-30'),
('OC20240370', 'MAT00370', 'CONSU', 'UNID', 240, 7.80, '2027-11-05'),
('OC20240371', 'MAT00371', 'HOSPI', 'FRAS', 42, 41.00, '2026-06-18'),
('OC20240372', 'MAT00372', 'STOCK', 'UNID', 350, 5.10, '2025-10-01'),
('OC20240373', 'MAT00373', 'URGEN', 'CAJA', 14, 225.00, '2027-03-25'),
('OC20240374', 'MAT00374', 'CONSU', 'PAQU', 25, 72.00, '2026-11-11'),
('OC20240375', 'MAT00375', 'QUIRU', 'UNID', 170, 12.80, '2027-05-30'),
('OC20240376', 'MAT00376', 'STOCK', 'FRAS', 30, 95.00, '2026-04-20'),
('OC20240377', 'MAT00377', 'URGEN', 'UNID', 125, 30.50, '2025-12-05'),
('OC20240378', 'MAT00378', 'CONSU', 'CAJA', 12, 280.00, '2027-01-15'),
('OC20240379', 'MAT00379', 'HOSPI', 'PAQU', 55, 42.50, '2026-07-25'),
('OC20240380', 'MAT00380', 'STOCK', 'UNID', 310, 5.60, '2025-11-30'),
('OC20240381', 'MAT00381', 'URGEN', 'FRAS', 60, 48.00, '2027-08-30'),
('OC20240382', 'MAT00382', 'CONSU', 'UNID', 340, 3.80, '2026-03-03'),
('OC20240383', 'MAT00383', 'QUIRU', 'CAJA', 15, 142.00, '2027-05-01'),
('OC20240384', 'MAT00384', 'STOCK', 'PAQU', 22, 64.00, '2026-10-30'),
('OC20240385', 'MAT00385', 'URGEN', 'UNID', 500, 1.65, '2025-09-14'),
('OC20240386', 'MAT00386', 'CONSU', 'FRAS', 30, 78.00, '2027-02-28'),
('OC20240387', 'MAT00387', 'HOSPI', 'UNID', 130, 19.50, '2026-12-18'),
('OC20240388', 'MAT00388', 'STOCK', 'CAJA', 16, 112.00, '2025-11-25'),
('OC20240389', 'MAT00389', 'URGEN', 'PAQU', 24, 95.00, '2027-06-05'),
('OC20240390', 'MAT00390', 'CONSU', 'UNID', 190, 13.50, '2026-05-15'),
('OC20240391', 'MAT00391', 'QUIRU', 'FRAS', 45, 52.00, '2027-04-12'),
('OC20240392', 'MAT00392', 'STOCK', 'UNID', 145, 15.20, '2026-02-28'),
('OC20240393', 'MAT00393', 'URGEN', 'CAJA', 15, 215.00, '2025-08-30'),
('OC20240394', 'MAT00394', 'CONSU', 'PAQU', 30, 60.00, '2027-11-11'),
('OC20240395', 'MAT00395', 'HOSPI', 'UNID', 110, 28.00, '2026-09-09'),
('OC20240396', 'MAT00396', 'STOCK', 'FRAS', 55, 36.50, '2025-12-05'),
('OC20240397', 'MAT00397', 'URGEN', 'UNID', 160, 16.50, '2027-03-22'),
('OC20240398', 'MAT00398', 'CONSU', 'CAJA', 20, 85.00, '2026-05-05'),
('OC20240399', 'MAT00399', 'QUIRU', 'PAQU', 40, 52.00, '2027-10-10'),
('OC20240400', 'MAT00400', 'STOCK', 'UNID', 240, 9.50, '2026-08-14');

INSERT INTO Sourcing.Orden_Compra_D (Nro_OC, ID_Material, ID_Prioridad, ID_UM, Cantidad, Precio_Unitario, Fecha_Vencimiento) VALUES
('OC20240401', 'MAT00401', 'URGEN', 'UNID', 50, 21.00, '2026-06-30'),
('OC20240402', 'MAT00402', 'CONSU', 'CAJA', 12, 138.00, '2025-11-15'),
('OC20240403', 'MAT00403', 'QUIRU', 'FRAS', 25, 49.50, '2027-02-20'),
('OC20240404', 'MAT00404', 'STOCK', 'PAQU', 10, 85.00, '2026-09-05'),
('OC20240405', 'MAT00405', 'URGEN', 'UNID', 140, 3.80, '2025-12-10'),
('OC20240406', 'MAT00406', 'CONSU', 'FRAS', 45, 19.50, '2027-04-14'),
('OC20240407', 'MAT00407', 'HOSPI', 'UNID', 180, 2.20, '2026-10-25'),
('OC20240408', 'MAT00408', 'STOCK', 'CAJA', 8, 205.00, '2025-08-12'),
('OC20240409', 'MAT00409', 'URGEN', 'PAQU', 22, 62.00, '2026-05-18'),
('OC20240410', 'MAT00410', 'CONSU', 'UNID', 85, 29.00, '2027-03-30'),
('OC20240411', 'MAT00411', 'QUIRU', 'FRAS', 18, 78.00, '2026-11-12'),
('OC20240412', 'MAT00412', 'STOCK', 'UNID', 170, 4.50, '2025-12-20'),
('OC20240413', 'MAT00413', 'URGEN', 'CAJA', 10, 190.00, '2026-07-07'),
('OC20240414', 'MAT00414', 'CONSU', 'PAQU', 15, 65.00, '2027-05-22'),
('OC20240415', 'MAT00415', 'HOSPI', 'UNID', 115, 8.90, '2026-04-04'),
('OC20240416', 'MAT00416', 'STOCK', 'FRAS', 40, 33.50, '2025-09-18'),
('OC20240417', 'MAT00417', 'URGEN', 'UNID', 55, 45.00, '2027-10-10'),
('OC20240418', 'MAT00418', 'CONSU', 'CAJA', 11, 125.00, '2026-05-15'),
('OC20240419', 'MAT00419', 'QUIRU', 'PAQU', 30, 48.00, '2027-12-05'),
('OC20240420', 'MAT00420', 'STOCK', 'UNID', 300, 1.40, '2026-06-30'),
('OC20240421', 'MAT00421', 'URGEN', 'FRAS', 25, 88.00, '2025-11-20'),
('OC20240422', 'MAT00422', 'CONSU', 'UNID', 100, 16.20, '2026-09-09'),
('OC20240423', 'MAT00423', 'HOSPI', 'CAJA', 9, 175.00, '2027-04-12'),
('OC20240424', 'MAT00424', 'STOCK', 'PAQU', 35, 29.00, '2026-08-01'),
('OC20240425', 'MAT00425', 'URGEN', 'UNID', 480, 0.90, '2025-12-30'),
('OC20240426', 'MAT00426', 'CONSU', 'FRAS', 40, 36.50, '2027-03-14'),
('OC20240427', 'MAT00427', 'QUIRU', 'UNID', 90, 52.00, '2026-11-11'),
('OC20240428', 'MAT00428', 'STOCK', 'CAJA', 6, 310.00, '2025-10-30'),
('OC20240429', 'MAT00429', 'URGEN', 'PAQU', 16, 118.00, '2026-07-25'),
('OC20240430', 'MAT00430', 'CONSU', 'UNID', 150, 11.50, '2027-05-01'),
('OC20240431', 'MAT00431', 'HOSPI', 'FRAS', 30, 65.00, '2026-03-10'),
('OC20240432', 'MAT00432', 'STOCK', 'UNID', 400, 2.90, '2025-11-05'),
('OC20240433', 'MAT00433', 'URGEN', 'CAJA', 14, 82.00, '2027-04-05'),
('OC20240434', 'MAT00434', 'CONSU', 'PAQU', 28, 52.00, '2026-10-01'),
('OC20240435', 'MAT00435', 'QUIRU', 'UNID', 85, 16.80, '2027-09-14'),
('OC20240436', 'MAT00436', 'STOCK', 'FRAS', 55, 22.50, '2026-02-15'),
('OC20240437', 'MAT00437', 'URGEN', 'UNID', 240, 5.90, '2025-12-15'),
('OC20240438', 'MAT00438', 'CONSU', 'CAJA', 7, 275.00, '2027-06-10'),
('OC20240439', 'MAT00439', 'HOSPI', 'PAQU', 35, 39.00, '2026-11-20'),
('OC20240440', 'MAT00440', 'STOCK', 'UNID', 220, 8.50, '2025-10-05'),
('OC20240441', 'MAT00441', 'URGEN', 'FRAS', 32, 79.50, '2027-05-30'),
('OC20240442', 'MAT00442', 'CONSU', 'UNID', 145, 14.10, '2026-06-14'),
('OC20240443', 'MAT00443', 'QUIRU', 'CAJA', 18, 75.00, '2027-11-20'),
('OC20240444', 'MAT00444', 'STOCK', 'PAQU', 20, 115.00, '2026-09-30'),
('OC20240445', 'MAT00445', 'URGEN', 'UNID', 380, 3.10, '2025-11-25'),
('OC20240446', 'MAT00446', 'CONSU', 'FRAS', 50, 29.80, '2027-02-28'),
('OC20240447', 'MAT00447', 'HOSPI', 'UNID', 160, 10.80, '2026-12-05'),
('OC20240448', 'MAT00448', 'STOCK', 'CAJA', 11, 158.00, '2025-12-18'),
('OC20240449', 'MAT00449', 'URGEN', 'PAQU', 14, 130.00, '2027-01-20'),
('OC20240450', 'MAT00450', 'CONSU', 'UNID', 270, 6.95, '2026-05-20');

INSERT INTO Sourcing.Orden_Compra_D (Nro_OC, ID_Material, ID_Prioridad, ID_UM, Cantidad, Precio_Unitario, Fecha_Vencimiento) VALUES
('OC20240451', 'MAT00451', 'QUIRU', 'FRAS', 45, 43.20, '2027-08-11'),
('OC20240452', 'MAT00452', 'STOCK', 'UNID', 550, 1.25, '2026-10-01'),
('OC20240453', 'MAT00453', 'URGEN', 'CAJA', 10, 235.00, '2025-10-10'),
('OC20240454', 'MAT00454', 'CONSU', 'PAQU', 22, 78.00, '2027-04-25'),
('OC20240455', 'MAT00455', 'HOSPI', 'UNID', 135, 14.90, '2026-12-30'),
('OC20240456', 'MAT00456', 'STOCK', 'FRAS', 32, 61.50, '2025-11-30'),
('OC20240457', 'MAT00457', 'URGEN', 'UNID', 110, 32.00, '2027-07-14'),
('OC20240458', 'MAT00458', 'CONSU', 'CAJA', 13, 168.00, '2026-04-18'),
('OC20240459', 'MAT00459', 'QUIRU', 'PAQU', 48, 26.50, '2027-09-09'),
('OC20240460', 'MAT00460', 'STOCK', 'UNID', 205, 9.80, '2026-08-01'),
('OC20240461', 'MAT00461', 'URGEN', 'FRAS', 35, 92.00, '2025-12-05'),
('OC20240462', 'MAT00462', 'CONSU', 'UNID', 165, 12.80, '2027-03-22'),
('OC20240463', 'MAT00463', 'HOSPI', 'CAJA', 20, 58.00, '2026-12-20'),
('OC20240464', 'MAT00464', 'STOCK', 'PAQU', 18, 142.00, '2025-11-20'),
('OC20240465', 'MAT00465', 'URGEN', 'UNID', 430, 2.65, '2027-06-05'),
('OC20240466', 'MAT00466', 'CONSU', 'FRAS', 42, 41.50, '2026-09-14'),
('OC20240467', 'MAT00467', 'QUIRU', 'UNID', 145, 16.50, '2027-11-15'),
('OC20240468', 'MAT00468', 'STOCK', 'CAJA', 20, 95.00, '2026-03-03'),
('OC20240469', 'MAT00469', 'URGEN', 'PAQU', 15, 162.00, '2025-10-30'),
('OC20240470', 'MAT00470', 'CONSU', 'UNID', 250, 7.40, '2027-12-30'),
('OC20240471', 'MAT00471', 'HOSPI', 'FRAS', 40, 44.00, '2026-07-20'),
('OC20240472', 'MAT00472', 'STOCK', 'UNID', 320, 5.30, '2025-11-11'),
('OC20240473', 'MAT00473', 'URGEN', 'CAJA', 12, 218.00, '2027-04-12'),
('OC20240474', 'MAT00474', 'CONSU', 'PAQU', 25, 68.50, '2026-10-15'),
('OC20240475', 'MAT00475', 'QUIRU', 'UNID', 160, 13.10, '2027-05-30'),
('OC20240476', 'MAT00476', 'STOCK', 'FRAS', 30, 98.00, '2026-03-25'),
('OC20240477', 'MAT00477', 'URGEN', 'UNID', 130, 28.50, '2025-12-15'),
('OC20240478', 'MAT00478', 'CONSU', 'CAJA', 10, 285.00, '2027-02-14'),
('OC20240479', 'MAT00479', 'HOSPI', 'PAQU', 50, 44.00, '2026-08-14'),
('OC20240480', 'MAT00480', 'STOCK', 'UNID', 300, 5.90, '2025-12-30'),
('OC20240481', 'MAT00481', 'URGEN', 'FRAS', 55, 51.00, '2027-09-01'),
('OC20240482', 'MAT00482', 'CONSU', 'UNID', 320, 3.65, '2026-04-25'),
('OC20240483', 'MAT00483', 'QUIRU', 'CAJA', 15, 145.00, '2027-05-05'),
('OC20240484', 'MAT00484', 'STOCK', 'PAQU', 24, 59.00, '2026-11-05'),
('OC20240485', 'MAT00485', 'URGEN', 'UNID', 510, 1.70, '2025-09-30'),
('OC20240486', 'MAT00486', 'CONSU', 'FRAS', 35, 75.00, '2027-03-15'),
('OC20240487', 'MAT00487', 'HOSPI', 'UNID', 125, 18.50, '2026-12-10'),
('OC20240488', 'MAT00488', 'STOCK', 'CAJA', 14, 118.00, '2025-11-25'),
('OC20240489', 'MAT00489', 'URGEN', 'PAQU', 22, 92.00, '2027-07-07'),
('OC20240490', 'MAT00490', 'CONSU', 'UNID', 180, 13.80, '2026-06-12'),
('OC20240491', 'MAT00491', 'QUIRU', 'FRAS', 42, 49.50, '2027-04-22'),
('OC20240492', 'MAT00492', 'STOCK', 'UNID', 140, 15.80, '2026-02-28'),
('OC20240493', 'MAT00493', 'URGEN', 'CAJA', 14, 210.00, '2025-08-30'),
('OC20240494', 'MAT00494', 'CONSU', 'PAQU', 28, 52.00, '2027-11-30'),
('OC20240495', 'MAT00495', 'HOSPI', 'UNID', 105, 26.50, '2026-10-05'),
('OC20240496', 'MAT00496', 'STOCK', 'FRAS', 50, 34.00, '2025-12-01'),
('OC20240497', 'MAT00497', 'URGEN', 'UNID', 155, 16.20, '2027-03-25'),
('OC20240498', 'MAT00498', 'CONSU', 'CAJA', 18, 88.00, '2026-05-20'),
('OC20240499', 'MAT00499', 'QUIRU', 'PAQU', 38, 55.00, '2027-10-10'),
('OC20240500', 'MAT00500', 'STOCK', 'UNID', 230, 9.10, '2026-09-05');

-- 4. ANÁLISIS DE RESULTADOS

-- BLOQUE 1: ESTANDARIZACIÓN Y ANÁLISIS TEMPORAL

-- 1. Análisis de Gasto Mensual
-- Objetivo: Identificar picos de demanda presupuestaria durante el ańo.
SELECT 
    DATENAME(MONTH, H.Fecha_Creacion) AS Mes, 
    SUM(D.Total_USD) AS Gasto_Total
FROM Sourcing.Orden_Compra_H H
INNER JOIN Sourcing.Orden_Compra_D D ON H.Nro_OC = D.Nro_OC
GROUP BY DATENAME(MONTH, H.Fecha_Creacion), MONTH(H.Fecha_Creacion)
ORDER BY MONTH(H.Fecha_Creacion);

-- 2. Análisis por Prioridad Hospitalaria
-- Objetivo: Comparar la inversión en pedidos
SELECT 
    ID_Prioridad, 
    COUNT(*) AS Numero_Lineas, 
    SUM(Total_USD) AS Inversion_Total
FROM Sourcing.Orden_Compra_D
GROUP BY ID_Prioridad
ORDER BY Inversion_Total DESC;

-- 3. Segmentación por Rango de Valor
-- Objetivo: Categorizar las compras según su impacto financiero.
SELECT 
    Categoria_Inversion,
    COUNT(*) AS Cantidad_Items
FROM (
    SELECT 
        CASE
            WHEN Total_USD < 1000 THEN 'Gasto Operativo Bajo'
            WHEN Total_USD BETWEEN 1000 AND 5000 THEN 'Gasto Medio'
            ELSE 'Inversión Crítica'
        END AS Categoria_Inversion
    FROM Sourcing.Orden_Compra_D
) t
GROUP BY Categoria_Inversion;

-- BLOQUE 2: GESTIÓN DE PROVEEDORES - SOURCING

-- 1. Analisis de participación de gasto y frecuencia de compra por proveedor
-- Objetivo: Evaluar la eficiencia operativa y comercial de los proveedores
SELECT 
    P.Nombre_Proveedor,
    COUNT(DISTINCT H.Nro_OC) AS Cantidad_Ordenes_Compra,
    SUM(D.Cantidad) AS Cantidad_Total_Suministrada,
    AVG(D.Precio_Unitario) AS Precio_Unitario_Promedio,
    SUM(D.Cantidad * D.Precio_Unitario) AS Inversion_Total_Acumulada
FROM Sourcing.Proveedores P
INNER JOIN Sourcing.Orden_Compra_H H ON P.ID_Proveedor = H.ID_Proveedor
INNER JOIN Sourcing.Orden_Compra_D D ON H.Nro_OC = D.Nro_OC
GROUP BY 
    P.Nombre_Proveedor
ORDER BY Inversion_Total_Acumulada DESC;


-- 2. Análisis de Capacidad de Compra y Ticket Promedio por Orden
-- Objetivo: Optimizar la logística y el esfuerzo administrativo
SELECT 
    P.Nombre_Proveedor,
    COUNT(DISTINCT H.Nro_OC) AS Total_Ordenes,
    SUM(D.Cantidad * D.Precio_Unitario) AS Inversion_Total,
    ROUND(SUM(D.Cantidad * D.Precio_Unitario) / COUNT(DISTINCT H.Nro_OC), 2) AS Ticket_Promedio_OC
FROM Sourcing.Proveedores P
INNER JOIN Sourcing.Orden_Compra_H H ON P.ID_Proveedor = H.ID_Proveedor
INNER JOIN Sourcing.Orden_Compra_D D ON H.Nro_OC = D.Nro_OC
GROUP BY P.Nombre_Proveedor
ORDER BY Ticket_Promedio_OC DESC;


-- 3. Análisis de la estructura de obligaciones financieras por método de pago
-- Objetivo: Optimizar la estrategia de pagos
SELECT 
    MP.Descripcion_Pago,
    COUNT(H.Nro_OC) AS Total_Transacciones,
    SUM(D.Total_USD) AS Inversion_Total_USD,
    CAST(
        SUM(D.Total_USD) * 100.0 / SUM(SUM(D.Total_USD)) OVER() 
    AS DECIMAL(5,2)) AS Pct_Impacto_Caja,
    CASE 
        WHEN MP.Descripcion_Pago LIKE '%Crédito%' THEN 'Favorece Liquidez'
        ELSE 'Exige Desembolso Inmediato'
    END AS Efecto_en_Flujo_Caja
FROM Sourcing.Metodo_Pago MP
INNER JOIN Sourcing.Orden_Compra_H H ON MP.ID_Pago = H.ID_Pago
INNER JOIN Sourcing.Orden_Compra_D D ON H.Nro_OC = D.Nro_OC
GROUP BY MP.Descripcion_Pago
ORDER BY Inversion_Total_USD DESC;

-- BLOQUE 3: CONTROL DE INVENTARIO Y CALIDAD

-- 1. Análisis de gestión de Caducidad y Disponibilidad
-- Clasificación de frescura de insumos usando CASE y Operaciones de Fecha
SELECT 
    ID_Material,
    ID_Prioridad,
    Fecha_Vencimiento,
    DATEDIFF(DAY, GETDATE(), Fecha_Vencimiento) AS Dias_Restantes,
    -- Lógica de Estado de Calidad
    CASE 
        WHEN DATEDIFF(MONTH, GETDATE(), Fecha_Vencimiento) <= 12 THEN 'ROTACIÓN INMEDIATA'
        WHEN DATEDIFF(MONTH, GETDATE(), Fecha_Vencimiento) BETWEEN 13 AND 24 THEN 'STOCK SEGURO'
        ELSE 'ROTACIÓN LARGO PLAZO'
    END AS Categoria_Calidad,
    -- Lógica de Disponibilidad (Uso de negativos simbólicos para alertas)
    CASE 
        WHEN DATEDIFF(DAY, GETDATE(), Fecha_Vencimiento) < 0 THEN 'SISTEMA: LOTE VENCIDO (RETIRAR)'
        WHEN Cantidad = 0 THEN 'ALERTA: SIN STOCK'
        ELSE 'DISPONIBLE'
    END AS Estado_Disponibilidad
FROM Sourcing.Orden_Compra_D
WHERE ID_Prioridad IN ('URGEN', 'QUIRU', 'HOSPI')
-- Orden
ORDER BY 
    CASE 
        WHEN DATEDIFF(MONTH, GETDATE(), Fecha_Vencimiento) <= 12 THEN 1
        WHEN DATEDIFF(MONTH, GETDATE(), Fecha_Vencimiento) BETWEEN 13 AND 24 THEN 2
        ELSE 3
    END, 
    Fecha_Vencimiento ASC;

-- 2. Análisis de Abastecimiento por Formato
SELECT
    ID_Prioridad,
    ISNULL([UNID],0) AS Individual,
    ISNULL([CAJA],0) AS Caja,
    ISNULL([FRAS],0) AS Frasco,
    ISNULL([PAQU],0) AS Paquete
FROM
(
    SELECT
        ID_Prioridad,
        ID_UM,
        ID_Detalle
    FROM Sourcing.Orden_Compra_D
) AS Fuente

PIVOT
(
    COUNT(ID_Detalle)
    FOR ID_UM IN ([UNID],[CAJA],[FRAS],[PAQU])
) AS TablaPivot;

-- 3. Análisis de Concentración de Inventario por Categoría
SELECT 
    C.Nombre_Categoria,
    CAST(SUM(D.Total_USD) AS DECIMAL(10,2)) AS Inversion_Categoria,
    CAST((SUM(D.Total_USD) * 100.0 / SUM(SUM(D.Total_USD)) OVER()) AS DECIMAL(5,2)) AS Porcentaje_Inversion,
    CASE 
        WHEN (SUM(D.Total_USD) * 100.0 / SUM(SUM(D.Total_USD)) OVER()) > 40 THEN 'CATEGORÍA ESTRATÉGICA (A)'
        WHEN (SUM(D.Total_USD) * 100.0 / SUM(SUM(D.Total_USD)) OVER()) BETWEEN 15 AND 40 THEN 'CATEGORÍA OPERATIVA (B)'
        ELSE 'CATEGORÍA MENOR (C)'
    END AS Clasificacion_ABC
FROM Sourcing.Orden_Compra_D D
INNER JOIN Inventario.Insumos_Medicos I ON D.ID_Material = I.ID_Material
INNER JOIN Inventario.Categorias C ON I.ID_Categoria = C.ID_Categoria
GROUP BY C.Nombre_Categoria
ORDER BY Inversion_Categoria DESC;

-- BLOQUE 4: GESTIÓN DE ESPECIALIDADES Y DOCTORAS

-- 1. Análisis de consumo y gasto de insumos por especialidad médica
-- Objetivo: Analizar el consumo y gasto de insumos por especialidad para identificar las áreas con mayor demanda de recursos.
SELECT
    e.Nombre_Especialidad,
    ISNULL(SUM(od.Cantidad),0) AS Total_Insumos,
    ISNULL(SUM(od.Cantidad * od.Precio_Unitario),0) AS Gasto_Total
FROM Personal.Especialidades e
LEFT JOIN Personal.Doctores d
    ON d.ID_Especialidad = e.ID_Especialidad
LEFT JOIN Sourcing.Orden_Compra_H oc
    ON d.ID_Doctor = oc.ID_Doctor
LEFT JOIN Sourcing.Orden_Compra_D od
    ON oc.Nro_OC = od.Nro_OC
GROUP BY e.Nombre_Especialidad
HAVING SUM(od.Cantidad) > 0
ORDER BY Gasto_Total DESC;

-- 2. Análisis de concentración del gasto de insumos por doctor
-- Objetivo: Identificar qué doctores generan mayor gasto en insumos médicos dentro de sus especialidades.
SELECT
    d.Nombre_Doctor,
    e.Nombre_Especialidad,
    ISNULL(SUM(od.Cantidad),0) AS Total_Insumos_Utilizados,
    ISNULL(SUM(od.Cantidad * od.Precio_Unitario),0) AS Gasto_Total
FROM Personal.Doctores d
LEFT JOIN Personal.Especialidades e
    ON d.ID_Especialidad = e.ID_Especialidad
LEFT JOIN Sourcing.Orden_Compra_H oc
    ON d.ID_Doctor = oc.ID_Doctor
LEFT JOIN Sourcing.Orden_Compra_D od
    ON oc.Nro_OC = od.Nro_OC
GROUP BY 
    d.Nombre_Doctor,
    e.Nombre_Especialidad
ORDER BY Gasto_Total DESC;

-- 3. Análisis de distribución de doctores por especialidad médica
-- Objetivo: Identificar cantidad de doctores asignados a cada especialidad
SELECT
    e.Nombre_Especialidad,
    COUNT(d.ID_Doctor) AS Total_Doctor
FROM Personal.Especialidades e
LEFT JOIN Personal.Doctores d
    ON e.ID_Especialidad = d.ID_Especialidad
GROUP BY e.Nombre_Especialidad
ORDER BY Total_Doctor DESC;

-- BLOQUE 5: EFICIENCIA OPERATIVA

-- 1. Tasa de Órdenes Aprobadas vs Pendientes por Mes
SELECT 
    FORMAT(Fecha_Creacion, 'yyyy') AS Ańo,
    COUNT(*) AS Total_OC,
    SUM(CASE WHEN Estado = 'Pagado'    THEN 1 ELSE 0 END) AS Pagado,
    SUM(CASE WHEN Estado = 'Pendiente' THEN 1 ELSE 0 END) AS Pendiente,
    SUM(CASE WHEN Estado = 'Cancelado' THEN 1 ELSE 0 END) AS Cancelado,
    CAST(
        SUM(CASE WHEN Estado = 'Pagado' THEN 1 ELSE 0 END) * 100.0 / COUNT(*) 
    AS DECIMAL(5,2)) AS Tasa_Pagado_Pct,
    CAST(
        SUM(CASE WHEN Estado = 'Cancelado' THEN 1 ELSE 0 END) * 100.0 / COUNT(*) 
    AS DECIMAL(5,2)) AS Tasa_Cancelado_Pct,
	CAST(
		SUM(CASE WHEN Estado = 'Pendiente' THEN 1 ELSE 0 END) * 100.0 / COUNT(*) 
	AS DECIMAL(5,2)) AS Tasa_Pendiente_Pct
FROM Sourcing.Orden_Compra_H
GROUP BY FORMAT(Fecha_Creacion, 'yyyy')
ORDER BY Ańo

-- 2. Concentración de Gasto por Proveedor (Índice de Dependencia)
SELECT 
    P.Nombre_Proveedor,
    COUNT(DISTINCT H.Nro_OC) AS Cantidad_OC,
    SUM(D.Total_USD) AS Gasto_Total,
    CAST(
        SUM(D.Total_USD) * 100.0 / SUM(SUM(D.Total_USD)) OVER () 
    AS DECIMAL(5,2)) AS Participacion_Pct,
    CASE 
        WHEN SUM(D.Total_USD) * 100.0 / SUM(SUM(D.Total_USD)) OVER () > 30 
        THEN 'RIESGO ALTO'
        WHEN SUM(D.Total_USD) * 100.0 / SUM(SUM(D.Total_USD)) OVER () > 15 
        THEN 'RIESGO MEDIO'
        ELSE 'NORMAL'
    END AS Nivel_Dependencia
FROM Sourcing.Proveedores P
JOIN Sourcing.Orden_Compra_H H ON P.ID_Proveedor = H.ID_Proveedor
JOIN Sourcing.Orden_Compra_D D ON H.Nro_OC = D.Nro_OC
GROUP BY P.Nombre_Proveedor
ORDER BY Gasto_Total DESC

-- 3. Eficiencia Operativa por Tipo de Atención
SELECT 
    PS.Descripcion_Prioridad AS Tipo_Atencion,
    COUNT(DISTINCT D.Nro_OC) AS OC_Involucradas,
    SUM(D.Cantidad) AS Unidades_Solicitadas,
    SUM(D.Total_USD) AS Gasto_Total_USD,
    CAST(AVG(D.Precio_Unitario) AS DECIMAL(10,2)) AS Precio_Promedio,
    CAST(
        SUM(D.Total_USD) * 100.0 / SUM(SUM(D.Total_USD)) OVER () 
    AS DECIMAL(5,2)) AS Pct_Del_Gasto_Total
FROM Sourcing.Orden_Compra_D D
JOIN Personal.Prioridad_Servicio PS ON D.ID_Prioridad = PS.ID_Prioridad
GROUP BY PS.Descripcion_Prioridad
ORDER BY Gasto_Total_USD DESC;